"area","country","phase","phase_label","severity_category","validity_period","population_affected","pct_total_population"
"Awdal Urban (Baki, Lughaye and Zeylac)","SOM","1","Phase 1 - Minimal","Minimal","Current",7934,0.4000
"Awdal Urban (Baki, Lughaye and Zeylac)","SOM","2","Phase 2 - Stressed","Stressed","Current",10910,0.5500
"Awdal Urban (Baki, Lughaye and Zeylac)","SOM","3","Phase 3 - Crisis","Crisis","Current",992,0.0500
"Awdal Urban (Baki, Lughaye and Zeylac)","SOM","3+","Phase 3+ - Crisis or Worse","Crisis or Worse","Current",992,0.0500
"Awdal Urban (Baki, Lughaye and Zeylac)","SOM","4","Phase 4 - Emergency","Emergency or Famine","Current",0,0.0000
"Awdal Urban (Baki, Lughaye and Zeylac)","SOM","5","Phase 5 - Famine","Emergency or Famine","Current",0,0.0000
"Awdal Urban (Baki, Lughaye and Zeylac)","SOM","ALL","All Phases - Total","Total","Current",19836,1.0000
"Awdal Urban (Borama)","SOM","1","Phase 1 - Minimal","Minimal","Current",57280,0.5500
"Awdal Urban (Borama)","SOM","2","Phase 2 - Stressed","Stressed","Current",41658,0.4000
"Awdal Urban (Borama)","SOM","3","Phase 3 - Crisis","Crisis","Current",5207,0.0500
"Awdal Urban (Borama)","SOM","3+","Phase 3+ - Crisis or Worse","Crisis or Worse","Current",5207,0.0500
"Awdal Urban (Borama)","SOM","4","Phase 4 - Emergency","Emergency or Famine","Current",0,0.0000
"Awdal Urban (Borama)","SOM","5","Phase 5 - Famine","Emergency or Famine","Current",0,0.0000
"Awdal Urban (Borama)","SOM","ALL","All Phases - Total","Total","Current",104145,1.0000
"Awdal Urban IDPs (Baki and Lughaye)","SOM","1","Phase 1 - Minimal","Minimal","Current",2101,0.1000
"Awdal Urban IDPs (Baki and Lughaye)","SOM","2","Phase 2 - Stressed","Stressed","Current",11556,0.5500
"Awdal Urban IDPs (Baki and Lughaye)","SOM","3","Phase 3 - Crisis","Crisis","Current",5253,0.2500
"Awdal Urban IDPs (Baki and Lughaye)","SOM","3+","Phase 3+ - Crisis or Worse","Crisis or Worse","Current",7353,0.3500
"Awdal Urban IDPs (Baki and Lughaye)","SOM","4","Phase 4 - Emergency","Emergency or Famine","Current",2101,0.1000
"Awdal Urban IDPs (Baki and Lughaye)","SOM","5","Phase 5 - Famine","Emergency or Famine","Current",0,0.0000
"Awdal Urban IDPs (Baki and Lughaye)","SOM","ALL","All Phases - Total","Total","Current",21010,1.0000
"Awdal Urban IDPs (Borama)","SOM","1","Phase 1 - Minimal","Minimal","Current",12090,0.3500
"Awdal Urban IDPs (Borama)","SOM","2","Phase 2 - Stressed","Stressed","Current",13817,0.4000
"Awdal Urban IDPs (Borama)","SOM","3","Phase 3 - Crisis","Crisis","Current",5181,0.1500
"Awdal Urban IDPs (Borama)","SOM","3+","Phase 3+ - Crisis or Worse","Crisis or Worse","Current",8636,0.2500
"Awdal Urban IDPs (Borama)","SOM","4","Phase 4 - Emergency","Emergency or Famine","Current",3454,0.1000
"Awdal Urban IDPs (Borama)","SOM","5","Phase 5 - Famine","Emergency or Famine","Current",0,0.0000
"Awdal Urban IDPs (Borama)","SOM","ALL","All Phases - Total","Total","Current",34542,1.0000
"Bakool Southern Agro-Pastoral","SOM","1","Phase 1 - Minimal","Minimal","Current",81080,0.4000
"Bakool Southern Agro-Pastoral","SOM","2","Phase 2 - Stressed","Stressed","Current",91215,0.4500
"Bakool Southern Agro-Pastoral","SOM","3","Phase 3 - Crisis","Crisis","Current",30405,0.1500
"Bakool Southern Agro-Pastoral","SOM","3+","Phase 3+ - Crisis or Worse","Crisis or Worse","Current",30405,0.1500
"Bakool Southern Agro-Pastoral","SOM","4","Phase 4 - Emergency","Emergency or Famine","Current",0,0.0000
"Bakool Southern Agro-Pastoral","SOM","5","Phase 5 - Famine","Emergency or Famine","Current",0,0.0000
"Bakool Southern Agro-Pastoral","SOM","ALL","All Phases - Total","Total","Current",202699,1.0000
"Bakool Southern Inland Pastoral","SOM","1","Phase 1 - Minimal","Minimal","Current",50911,0.5500
"Bakool Southern Inland Pastoral","SOM","2","Phase 2 - Stressed","Stressed","Current",37026,0.4000
"Bakool Southern Inland Pastoral","SOM","3","Phase 3 - Crisis","Crisis","Current",4628,0.0500
"Bakool Southern Inland Pastoral","SOM","3+","Phase 3+ - Crisis or Worse","Crisis or Worse","Current",4628,0.0500
"Bakool Southern Inland Pastoral","SOM","4","Phase 4 - Emergency","Emergency or Famine","Current",0,0.0000
"Bakool Southern Inland Pastoral","SOM","5","Phase 5 - Famine","Emergency or Famine","Current",0,0.0000
"Bakool Southern Inland Pastoral","SOM","ALL","All Phases - Total","Total","Current",92565,1.0000
"Bakool Urban (Ceel Barde, Rab Dhuure, Tayeeglow and Wajid)","SOM","1","Phase 1 - Minimal","Minimal","Current",19180,0.3500
"Bakool Urban (Ceel Barde, Rab Dhuure, Tayeeglow and Wajid)","SOM","2","Phase 2 - Stressed","Stressed","Current",30140,0.5500
"Bakool Urban (Ceel Barde, Rab Dhuure, Tayeeglow and Wajid)","SOM","3","Phase 3 - Crisis","Crisis","Current",5480,0.1000
"Bakool Urban (Ceel Barde, Rab Dhuure, Tayeeglow and Wajid)","SOM","3+","Phase 3+ - Crisis or Worse","Crisis or Worse","Current",5480,0.1000
"Bakool Urban (Ceel Barde, Rab Dhuure, Tayeeglow and Wajid)","SOM","4","Phase 4 - Emergency","Emergency or Famine","Current",0,0.0000
"Bakool Urban (Ceel Barde, Rab Dhuure, Tayeeglow and Wajid)","SOM","5","Phase 5 - Famine","Emergency or Famine","Current",0,0.0000
"Bakool Urban (Ceel Barde, Rab Dhuure, Tayeeglow and Wajid)","SOM","ALL","All Phases - Total","Total","Current",54800,1.0000
"Bakool Urban (Xudur)","SOM","1","Phase 1 - Minimal","Minimal","Current",6738,0.5000
"Bakool Urban (Xudur)","SOM","2","Phase 2 - Stressed","Stressed","Current",6064,0.4500
"Bakool Urban (Xudur)","SOM","3","Phase 3 - Crisis","Crisis","Current",674,0.0500
"Bakool Urban (Xudur)","SOM","3+","Phase 3+ - Crisis or Worse","Crisis or Worse","Current",674,0.0500
"Bakool Urban (Xudur)","SOM","4","Phase 4 - Emergency","Emergency or Famine","Current",0,0.0000
"Bakool Urban (Xudur)","SOM","5","Phase 5 - Famine","Emergency or Famine","Current",0,0.0000
"Bakool Urban (Xudur)","SOM","ALL","All Phases - Total","Total","Current",13476,1.0000
"Bakool Urban IDPs (Ceel Barde, Rab Dhuure, Tayeeglow and Wajid)","SOM","1","Phase 1 - Minimal","Minimal","Current",2665,0.1500
"Bakool Urban IDPs (Ceel Barde, Rab Dhuure, Tayeeglow and Wajid)","SOM","2","Phase 2 - Stressed","Stressed","Current",5330,0.3000
"Bakool Urban IDPs (Ceel Barde, Rab Dhuure, Tayeeglow and Wajid)","SOM","3","Phase 3 - Crisis","Crisis","Current",5330,0.3000
"Bakool Urban IDPs (Ceel Barde, Rab Dhuure, Tayeeglow and Wajid)","SOM","3+","Phase 3+ - Crisis or Worse","Crisis or Worse","Current",9771,0.5500
"Bakool Urban IDPs (Ceel Barde, Rab Dhuure, Tayeeglow and Wajid)","SOM","4","Phase 4 - Emergency","Emergency or Famine","Current",4442,0.2500
"Bakool Urban IDPs (Ceel Barde, Rab Dhuure, Tayeeglow and Wajid)","SOM","5","Phase 5 - Famine","Emergency or Famine","Current",0,0.0000
"Bakool Urban IDPs (Ceel Barde, Rab Dhuure, Tayeeglow and Wajid)","SOM","ALL","All Phases - Total","Total","Current",17766,1.0000
"Bakool Urban IDPs (Xudur)","SOM","1","Phase 1 - Minimal","Minimal","Current",2608,0.0500
"Bakool Urban IDPs (Xudur)","SOM","2","Phase 2 - Stressed","Stressed","Current",26078,0.5000
"Bakool Urban IDPs (Xudur)","SOM","3","Phase 3 - Crisis","Crisis","Current",13039,0.2500
"Bakool Urban IDPs (Xudur)","SOM","3+","Phase 3+ - Crisis or Worse","Crisis or Worse","Current",23470,0.4500
"Bakool Urban IDPs (Xudur)","SOM","4","Phase 4 - Emergency","Emergency or Famine","Current",10431,0.2000
"Bakool Urban IDPs (Xudur)","SOM","5","Phase 5 - Famine","Emergency or Famine","Current",0,0.0000
"Bakool Urban IDPs (Xudur)","SOM","ALL","All Phases - Total","Total","Current",52155,1.0000
"Banadir Urban (Mogadishu)","SOM","1","Phase 1 - Minimal","Minimal","Current",1127379,0.6500
"Banadir Urban (Mogadishu)","SOM","2","Phase 2 - Stressed","Stressed","Current",607050,0.3500
"Banadir Urban (Mogadishu)","SOM","3","Phase 3 - Crisis","Crisis","Current",0,0.0000
"Banadir Urban (Mogadishu)","SOM","3+","Phase 3+ - Crisis or Worse","Crisis or Worse","Current",0,0.0000
"Banadir Urban (Mogadishu)","SOM","4","Phase 4 - Emergency","Emergency or Famine","Current",0,0.0000
"Banadir Urban (Mogadishu)","SOM","5","Phase 5 - Famine","Emergency or Famine","Current",0,0.0000
"Banadir Urban (Mogadishu)","SOM","ALL","All Phases - Total","Total","Current",1734429,1.0000
"Banadir Urban IDPs (Mogadishu)","SOM","1","Phase 1 - Minimal","Minimal","Current",110927,0.1000
"Banadir Urban IDPs (Mogadishu)","SOM","2","Phase 2 - Stressed","Stressed","Current",499173,0.4500
"Banadir Urban IDPs (Mogadishu)","SOM","3","Phase 3 - Crisis","Crisis","Current",332782,0.3000
"Banadir Urban IDPs (Mogadishu)","SOM","3+","Phase 3+ - Crisis or Worse","Crisis or Worse","Current",499173,0.4500
"Banadir Urban IDPs (Mogadishu)","SOM","4","Phase 4 - Emergency","Emergency or Famine","Current",166391,0.1500
"Banadir Urban IDPs (Mogadishu)","SOM","5","Phase 5 - Famine","Emergency or Famine","Current",0,0.0000
"Banadir Urban IDPs (Mogadishu)","SOM","ALL","All Phases - Total","Total","Current",1109273,1.0000
"Bari Urban (Bandarbeyla, Caluula, Iskushuban, Qandala and Qardho)","SOM","1","Phase 1 - Minimal","Minimal","Current",19443,0.4000
"Bari Urban (Bandarbeyla, Caluula, Iskushuban, Qandala and Qardho)","SOM","2","Phase 2 - Stressed","Stressed","Current",24304,0.5000
"Bari Urban (Bandarbeyla, Caluula, Iskushuban, Qandala and Qardho)","SOM","3","Phase 3 - Crisis","Crisis","Current",4861,0.1000
"Bari Urban (Bandarbeyla, Caluula, Iskushuban, Qandala and Qardho)","SOM","3+","Phase 3+ - Crisis or Worse","Crisis or Worse","Current",4861,0.1000
"Bari Urban (Bandarbeyla, Caluula, Iskushuban, Qandala and Qardho)","SOM","4","Phase 4 - Emergency","Emergency or Famine","Current",0,0.0000
"Bari Urban (Bandarbeyla, Caluula, Iskushuban, Qandala and Qardho)","SOM","5","Phase 5 - Famine","Emergency or Famine","Current",0,0.0000
"Bari Urban (Bandarbeyla, Caluula, Iskushuban, Qandala and Qardho)","SOM","ALL","All Phases - Total","Total","Current",48607,1.0000
"Bari Urban (Bossaso)","SOM","1","Phase 1 - Minimal","Minimal","Current",51515,0.4500
"Bari Urban (Bossaso)","SOM","2","Phase 2 - Stressed","Stressed","Current",51515,0.4500
"Bari Urban (Bossaso)","SOM","3","Phase 3 - Crisis","Crisis","Current",11448,0.1000
"Bari Urban (Bossaso)","SOM","3+","Phase 3+ - Crisis or Worse","Crisis or Worse","Current",11448,0.1000
"Bari Urban (Bossaso)","SOM","4","Phase 4 - Emergency","Emergency or Famine","Current",0,0.0000
"Bari Urban (Bossaso)","SOM","5","Phase 5 - Famine","Emergency or Famine","Current",0,0.0000
"Bari Urban (Bossaso)","SOM","ALL","All Phases - Total","Total","Current",114478,1.0000
"Bari Urban IDPs (Bandarbeyla, Caluula, Iskushuban, Qandala and Qardho)","SOM","1","Phase 1 - Minimal","Minimal","Current",2456,0.1500
"Bari Urban IDPs (Bandarbeyla, Caluula, Iskushuban, Qandala and Qardho)","SOM","2","Phase 2 - Stressed","Stressed","Current",6549,0.4000
"Bari Urban IDPs (Bandarbeyla, Caluula, Iskushuban, Qandala and Qardho)","SOM","3","Phase 3 - Crisis","Crisis","Current",4912,0.3000
"Bari Urban IDPs (Bandarbeyla, Caluula, Iskushuban, Qandala and Qardho)","SOM","3+","Phase 3+ - Crisis or Worse","Crisis or Worse","Current",7367,0.4500
"Bari Urban IDPs (Bandarbeyla, Caluula, Iskushuban, Qandala and Qardho)","SOM","4","Phase 4 - Emergency","Emergency or Famine","Current",2456,0.1500
"Bari Urban IDPs (Bandarbeyla, Caluula, Iskushuban, Qandala and Qardho)","SOM","5","Phase 5 - Famine","Emergency or Famine","Current",0,0.0000
"Bari Urban IDPs (Bandarbeyla, Caluula, Iskushuban, Qandala and Qardho)","SOM","ALL","All Phases - Total","Total","Current",16372,1.0000
"Bari Urban IDPs (Bossaso)","SOM","1","Phase 1 - Minimal","Minimal","Current",4823,0.0500
"Bari Urban IDPs (Bossaso)","SOM","2","Phase 2 - Stressed","Stressed","Current",38583,0.4000
"Bari Urban IDPs (Bossaso)","SOM","3","Phase 3 - Crisis","Crisis","Current",28937,0.3000
"Bari Urban IDPs (Bossaso)","SOM","3+","Phase 3+ - Crisis or Worse","Crisis or Worse","Current",53051,0.5500
"Bari Urban IDPs (Bossaso)","SOM","4","Phase 4 - Emergency","Emergency or Famine","Current",24114,0.2500
"Bari Urban IDPs (Bossaso)","SOM","5","Phase 5 - Famine","Emergency or Famine","Current",0,0.0000
"Bari Urban IDPs (Bossaso)","SOM","ALL","All Phases - Total","Total","Current",96457,1.0000
"Bay-Bakool Agro-pastoral Low Potential (Bay and Bakool)","SOM","1","Phase 1 - Minimal","Minimal","Current",37019,0.1000
"Bay-Bakool Agro-pastoral Low Potential (Bay and Bakool)","SOM","2","Phase 2 - Stressed","Stressed","Current",129566,0.3500
"Bay-Bakool Agro-pastoral Low Potential (Bay and Bakool)","SOM","3","Phase 3 - Crisis","Crisis","Current",129566,0.3500
"Bay-Bakool Agro-pastoral Low Potential (Bay and Bakool)","SOM","3+","Phase 3+ - Crisis or Worse","Crisis or Worse","Current",203605,0.5500
"Bay-Bakool Agro-pastoral Low Potential (Bay and Bakool)","SOM","4","Phase 4 - Emergency","Emergency or Famine","Current",74038,0.2000
"Bay-Bakool Agro-pastoral Low Potential (Bay and Bakool)","SOM","5","Phase 5 - Famine","Emergency or Famine","Current",0,0.0000
"Bay-Bakool Agro-pastoral Low Potential (Bay and Bakool)","SOM","ALL","All Phases - Total","Total","Current",370190,1.0000
"Bay-Gedo Sorghum High Potential Agropastoral (Bay and Gedo)","SOM","1","Phase 1 - Minimal","Minimal","Current",40958,0.1000
"Bay-Gedo Sorghum High Potential Agropastoral (Bay and Gedo)","SOM","2","Phase 2 - Stressed","Stressed","Current",143354,0.3500
"Bay-Gedo Sorghum High Potential Agropastoral (Bay and Gedo)","SOM","3","Phase 3 - Crisis","Crisis","Current",143354,0.3500
"Bay-Gedo Sorghum High Potential Agropastoral (Bay and Gedo)","SOM","3+","Phase 3+ - Crisis or Worse","Crisis or Worse","Current",225271,0.5500
"Bay-Gedo Sorghum High Potential Agropastoral (Bay and Gedo)","SOM","4","Phase 4 - Emergency","Emergency or Famine","Current",81917,0.2000
"Bay-Gedo Sorghum High Potential Agropastoral (Bay and Gedo)","SOM","5","Phase 5 - Famine","Emergency or Famine","Current",0,0.0000
"Bay-Gedo Sorghum High Potential Agropastoral (Bay and Gedo)","SOM","ALL","All Phases - Total","Total","Current",409584,1.0000
"Bay Southern Inland Pastoral","SOM","1","Phase 1 - Minimal","Minimal","Current",11708,0.6000
"Bay Southern Inland Pastoral","SOM","2","Phase 2 - Stressed","Stressed","Current",5854,0.3000
"Bay Southern Inland Pastoral","SOM","3","Phase 3 - Crisis","Crisis","Current",1951,0.1000
"Bay Southern Inland Pastoral","SOM","3+","Phase 3+ - Crisis or Worse","Crisis or Worse","Current",1951,0.1000
"Bay Southern Inland Pastoral","SOM","4","Phase 4 - Emergency","Emergency or Famine","Current",0,0.0000
"Bay Southern Inland Pastoral","SOM","5","Phase 5 - Famine","Emergency or Famine","Current",0,0.0000
"Bay Southern Inland Pastoral","SOM","ALL","All Phases - Total","Total","Current",19514,1.0000
"Bay Urban (Baydhaba)","SOM","1","Phase 1 - Minimal","Minimal","Current",8103,0.5000
"Bay Urban (Baydhaba)","SOM","2","Phase 2 - Stressed","Stressed","Current",7293,0.4500
"Bay Urban (Baydhaba)","SOM","3","Phase 3 - Crisis","Crisis","Current",810,0.0500
"Bay Urban (Baydhaba)","SOM","3+","Phase 3+ - Crisis or Worse","Crisis or Worse","Current",810,0.0500
"Bay Urban (Baydhaba)","SOM","4","Phase 4 - Emergency","Emergency or Famine","Current",0,0.0000
"Bay Urban (Baydhaba)","SOM","5","Phase 5 - Famine","Emergency or Famine","Current",0,0.0000
"Bay Urban (Baydhaba)","SOM","ALL","All Phases - Total","Total","Current",16206,1.0000
"Bay Urban (Bur Hakaba, Diinsor and Qansax Dheere)","SOM","1","Phase 1 - Minimal","Minimal","Current",20437,0.4000
"Bay Urban (Bur Hakaba, Diinsor and Qansax Dheere)","SOM","2","Phase 2 - Stressed","Stressed","Current",25546,0.5000
"Bay Urban (Bur Hakaba, Diinsor and Qansax Dheere)","SOM","3","Phase 3 - Crisis","Crisis","Current",5109,0.1000
"Bay Urban (Bur Hakaba, Diinsor and Qansax Dheere)","SOM","3+","Phase 3+ - Crisis or Worse","Crisis or Worse","Current",5109,0.1000
"Bay Urban (Bur Hakaba, Diinsor and Qansax Dheere)","SOM","4","Phase 4 - Emergency","Emergency or Famine","Current",0,0.0000
"Bay Urban (Bur Hakaba, Diinsor and Qansax Dheere)","SOM","5","Phase 5 - Famine","Emergency or Famine","Current",0,0.0000
"Bay Urban (Bur Hakaba, Diinsor and Qansax Dheere)","SOM","ALL","All Phases - Total","Total","Current",51092,1.0000
"Bay Urban IDPs (Baydhaba)","SOM","1","Phase 1 - Minimal","Minimal","Current",25765,0.0500
"Bay Urban IDPs (Baydhaba)","SOM","2","Phase 2 - Stressed","Stressed","Current",154587,0.3000
"Bay Urban IDPs (Baydhaba)","SOM","3","Phase 3 - Crisis","Crisis","Current",180352,0.3500
"Bay Urban IDPs (Baydhaba)","SOM","3+","Phase 3+ - Crisis or Worse","Crisis or Worse","Current",334939,0.6500
"Bay Urban IDPs (Baydhaba)","SOM","4","Phase 4 - Emergency","Emergency or Famine","Current",154587,0.3000
"Bay Urban IDPs (Baydhaba)","SOM","5","Phase 5 - Famine","Emergency or Famine","Current",0,0.0000
"Bay Urban IDPs (Baydhaba)","SOM","ALL","All Phases - Total","Total","Current",515291,1.0000
"Bay Urban IDPs (Bur Hakaba, Diinsor and Qansax Dheere)","SOM","1","Phase 1 - Minimal","Minimal","Current",11455,0.1500
"Bay Urban IDPs (Bur Hakaba, Diinsor and Qansax Dheere)","SOM","2","Phase 2 - Stressed","Stressed","Current",19092,0.2500
"Bay Urban IDPs (Bur Hakaba, Diinsor and Qansax Dheere)","SOM","3","Phase 3 - Crisis","Crisis","Current",26729,0.3500
"Bay Urban IDPs (Bur Hakaba, Diinsor and Qansax Dheere)","SOM","3+","Phase 3+ - Crisis or Worse","Crisis or Worse","Current",45821,0.6000
"Bay Urban IDPs (Bur Hakaba, Diinsor and Qansax Dheere)","SOM","4","Phase 4 - Emergency","Emergency or Famine","Current",19092,0.2500
"Bay Urban IDPs (Bur Hakaba, Diinsor and Qansax Dheere)","SOM","5","Phase 5 - Famine","Emergency or Famine","Current",0,0.0000
"Bay Urban IDPs (Bur Hakaba, Diinsor and Qansax Dheere)","SOM","ALL","All Phases - Total","Total","Current",76369,1.0000
"Central Addun pastoral (Mudug and Galgaduud)","SOM","1","Phase 1 - Minimal","Minimal","Current",53412,0.1000
"Central Addun pastoral (Mudug and Galgaduud)","SOM","2","Phase 2 - Stressed","Stressed","Current",160235,0.3000
"Central Addun pastoral (Mudug and Galgaduud)","SOM","3","Phase 3 - Crisis","Crisis","Current",213647,0.4000
"Central Addun pastoral (Mudug and Galgaduud)","SOM","3+","Phase 3+ - Crisis or Worse","Crisis or Worse","Current",320470,0.6000
"Central Addun pastoral (Mudug and Galgaduud)","SOM","4","Phase 4 - Emergency","Emergency or Famine","Current",106823,0.2000
"Central Addun pastoral (Mudug and Galgaduud)","SOM","5","Phase 5 - Famine","Emergency or Famine","Current",0,0.0000
"Central Addun pastoral (Mudug and Galgaduud)","SOM","ALL","All Phases - Total","Total","Current",534117,1.0000
"Central Coastal Deeh Pastoral (Mudug and Galgadud)","SOM","1","Phase 1 - Minimal","Minimal","Current",9635,0.1000
"Central Coastal Deeh Pastoral (Mudug and Galgadud)","SOM","2","Phase 2 - Stressed","Stressed","Current",28905,0.3000
"Central Coastal Deeh Pastoral (Mudug and Galgadud)","SOM","3","Phase 3 - Crisis","Crisis","Current",38540,0.4000
"Central Coastal Deeh Pastoral (Mudug and Galgadud)","SOM","3+","Phase 3+ - Crisis or Worse","Crisis or Worse","Current",57811,0.6000
"Central Coastal Deeh Pastoral (Mudug and Galgadud)","SOM","4","Phase 4 - Emergency","Emergency or Famine","Current",19270,0.2000
"Central Coastal Deeh Pastoral (Mudug and Galgadud)","SOM","5","Phase 5 - Famine","Emergency or Famine","Current",0,0.0000
"Central Coastal Deeh Pastoral (Mudug and Galgadud)","SOM","ALL","All Phases - Total","Total","Current",96351,1.0000
"Central Cowpea Belt  (Mudug and Galgadud)","SOM","1","Phase 1 - Minimal","Minimal","Current",53989,0.3000
"Central Cowpea Belt  (Mudug and Galgadud)","SOM","2","Phase 2 - Stressed","Stressed","Current",71985,0.4000
"Central Cowpea Belt  (Mudug and Galgadud)","SOM","3","Phase 3 - Crisis","Crisis","Current",44991,0.2500
"Central Cowpea Belt  (Mudug and Galgadud)","SOM","3+","Phase 3+ - Crisis or Worse","Crisis or Worse","Current",53989,0.3000
"Central Cowpea Belt  (Mudug and Galgadud)","SOM","4","Phase 4 - Emergency","Emergency or Famine","Current",8998,0.0500
"Central Cowpea Belt  (Mudug and Galgadud)","SOM","5","Phase 5 - Famine","Emergency or Famine","Current",0,0.0000
"Central Cowpea Belt  (Mudug and Galgadud)","SOM","ALL","All Phases - Total","Total","Current",179963,1.0000
"Central Hawd Pastoral (South Mudug, Galgadud)","SOM","1","Phase 1 - Minimal","Minimal","Current",63819,0.1500
"Central Hawd Pastoral (South Mudug, Galgadud)","SOM","2","Phase 2 - Stressed","Stressed","Current",148912,0.3500
"Central Hawd Pastoral (South Mudug, Galgadud)","SOM","3","Phase 3 - Crisis","Crisis","Current",127639,0.3000
"Central Hawd Pastoral (South Mudug, Galgadud)","SOM","3+","Phase 3+ - Crisis or Worse","Crisis or Worse","Current",212731,0.5000
"Central Hawd Pastoral (South Mudug, Galgadud)","SOM","4","Phase 4 - Emergency","Emergency or Famine","Current",85092,0.2000
"Central Hawd Pastoral (South Mudug, Galgadud)","SOM","5","Phase 5 - Famine","Emergency or Famine","Current",0,0.0000
"Central Hawd Pastoral (South Mudug, Galgadud)","SOM","ALL","All Phases - Total","Total","Current",425462,1.0000
"Central Southern Inland Pastoral (Galgadud)","SOM","1","Phase 1 - Minimal","Minimal","Current",6245,0.4000
"Central Southern Inland Pastoral (Galgadud)","SOM","2","Phase 2 - Stressed","Stressed","Current",6245,0.4000
"Central Southern Inland Pastoral (Galgadud)","SOM","3","Phase 3 - Crisis","Crisis","Current",3122,0.2000
"Central Southern Inland Pastoral (Galgadud)","SOM","3+","Phase 3+ - Crisis or Worse","Crisis or Worse","Current",3122,0.2000
"Central Southern Inland Pastoral (Galgadud)","SOM","4","Phase 4 - Emergency","Emergency or Famine","Current",0,0.0000
"Central Southern Inland Pastoral (Galgadud)","SOM","5","Phase 5 - Famine","Emergency or Famine","Current",0,0.0000
"Central Southern Inland Pastoral (Galgadud)","SOM","ALL","All Phases - Total","Total","Current",15612,1.0000
"Galgaduud  Urban IDPs (Cabudwaaq and Cadaado)","SOM","1","Phase 1 - Minimal","Minimal","Current",2573,0.0500
"Galgaduud  Urban IDPs (Cabudwaaq and Cadaado)","SOM","2","Phase 2 - Stressed","Stressed","Current",25728,0.5000
"Galgaduud  Urban IDPs (Cabudwaaq and Cadaado)","SOM","3","Phase 3 - Crisis","Crisis","Current",12864,0.2500
"Galgaduud  Urban IDPs (Cabudwaaq and Cadaado)","SOM","3+","Phase 3+ - Crisis or Worse","Crisis or Worse","Current",23155,0.4500
"Galgaduud  Urban IDPs (Cabudwaaq and Cadaado)","SOM","4","Phase 4 - Emergency","Emergency or Famine","Current",10291,0.2000
"Galgaduud  Urban IDPs (Cabudwaaq and Cadaado)","SOM","5","Phase 5 - Famine","Emergency or Famine","Current",0,0.0000
"Galgaduud  Urban IDPs (Cabudwaaq and Cadaado)","SOM","ALL","All Phases - Total","Total","Current",51456,1.0000
"Galgaduud Urban (Cabudwaaq, Cadaado, Ceel Buur and Ceel Dheer)","SOM","1","Phase 1 - Minimal","Minimal","Current",29039,0.4500
"Galgaduud Urban (Cabudwaaq, Cadaado, Ceel Buur and Ceel Dheer)","SOM","2","Phase 2 - Stressed","Stressed","Current",29039,0.4500
"Galgaduud Urban (Cabudwaaq, Cadaado, Ceel Buur and Ceel Dheer)","SOM","3","Phase 3 - Crisis","Crisis","Current",6453,0.1000
"Galgaduud Urban (Cabudwaaq, Cadaado, Ceel Buur and Ceel Dheer)","SOM","3+","Phase 3+ - Crisis or Worse","Crisis or Worse","Current",6453,0.1000
"Galgaduud Urban (Cabudwaaq, Cadaado, Ceel Buur and Ceel Dheer)","SOM","4","Phase 4 - Emergency","Emergency or Famine","Current",0,0.0000
"Galgaduud Urban (Cabudwaaq, Cadaado, Ceel Buur and Ceel Dheer)","SOM","5","Phase 5 - Famine","Emergency or Famine","Current",0,0.0000
"Galgaduud Urban (Cabudwaaq, Cadaado, Ceel Buur and Ceel Dheer)","SOM","ALL","All Phases - Total","Total","Current",64532,1.0000
"Galgaduud Urban (Dhuusamarreeb)","SOM","1","Phase 1 - Minimal","Minimal","Current",14215,0.5000
"Galgaduud Urban (Dhuusamarreeb)","SOM","2","Phase 2 - Stressed","Stressed","Current",12794,0.4500
"Galgaduud Urban (Dhuusamarreeb)","SOM","3","Phase 3 - Crisis","Crisis","Current",1422,0.0500
"Galgaduud Urban (Dhuusamarreeb)","SOM","3+","Phase 3+ - Crisis or Worse","Crisis or Worse","Current",1422,0.0500
"Galgaduud Urban (Dhuusamarreeb)","SOM","4","Phase 4 - Emergency","Emergency or Famine","Current",0,0.0000
"Galgaduud Urban (Dhuusamarreeb)","SOM","5","Phase 5 - Famine","Emergency or Famine","Current",0,0.0000
"Galgaduud Urban (Dhuusamarreeb)","SOM","ALL","All Phases - Total","Total","Current",28430,1.0000
"Galgaduud Urban IDPs (Dhuusamarreeb)","SOM","1","Phase 1 - Minimal","Minimal","Current",5194,0.1500
"Galgaduud Urban IDPs (Dhuusamarreeb)","SOM","2","Phase 2 - Stressed","Stressed","Current",13851,0.4000
"Galgaduud Urban IDPs (Dhuusamarreeb)","SOM","3","Phase 3 - Crisis","Crisis","Current",12119,0.3500
"Galgaduud Urban IDPs (Dhuusamarreeb)","SOM","3+","Phase 3+ - Crisis or Worse","Crisis or Worse","Current",15582,0.4500
"Galgaduud Urban IDPs (Dhuusamarreeb)","SOM","4","Phase 4 - Emergency","Emergency or Famine","Current",3463,0.1000
"Galgaduud Urban IDPs (Dhuusamarreeb)","SOM","5","Phase 5 - Famine","Emergency or Famine","Current",0,0.0000
"Galgaduud Urban IDPs (Dhuusamarreeb)","SOM","ALL","All Phases - Total","Total","Current",34627,1.0000
"Gedo Riverine Pump Irrigation","SOM","1","Phase 1 - Minimal","Minimal","Current",23103,0.4000
"Gedo Riverine Pump Irrigation","SOM","2","Phase 2 - Stressed","Stressed","Current",20215,0.3500
"Gedo Riverine Pump Irrigation","SOM","3","Phase 3 - Crisis","Crisis","Current",11551,0.2000
"Gedo Riverine Pump Irrigation","SOM","3+","Phase 3+ - Crisis or Worse","Crisis or Worse","Current",14439,0.2500
"Gedo Riverine Pump Irrigation","SOM","4","Phase 4 - Emergency","Emergency or Famine","Current",2888,0.0500
"Gedo Riverine Pump Irrigation","SOM","5","Phase 5 - Famine","Emergency or Famine","Current",0,0.0000
"Gedo Riverine Pump Irrigation","SOM","ALL","All Phases - Total","Total","Current",57757,1.0000
"Gedo Southern Agro-Pastoral","SOM","1","Phase 1 - Minimal","Minimal","Current",28668,0.4500
"Gedo Southern Agro-Pastoral","SOM","2","Phase 2 - Stressed","Stressed","Current",25482,0.4000
"Gedo Southern Agro-Pastoral","SOM","3","Phase 3 - Crisis","Crisis","Current",9556,0.1500
"Gedo Southern Agro-Pastoral","SOM","3+","Phase 3+ - Crisis or Worse","Crisis or Worse","Current",9556,0.1500
"Gedo Southern Agro-Pastoral","SOM","4","Phase 4 - Emergency","Emergency or Famine","Current",0,0.0000
"Gedo Southern Agro-Pastoral","SOM","5","Phase 5 - Famine","Emergency or Famine","Current",0,0.0000
"Gedo Southern Agro-Pastoral","SOM","ALL","All Phases - Total","Total","Current",63706,1.0000
"Gedo Southern Inland Pastoral","SOM","1","Phase 1 - Minimal","Minimal","Current",180905,0.4500
"Gedo Southern Inland Pastoral","SOM","2","Phase 2 - Stressed","Stressed","Current",160805,0.4000
"Gedo Southern Inland Pastoral","SOM","3","Phase 3 - Crisis","Crisis","Current",60302,0.1500
"Gedo Southern Inland Pastoral","SOM","3+","Phase 3+ - Crisis or Worse","Crisis or Worse","Current",60302,0.1500
"Gedo Southern Inland Pastoral","SOM","4","Phase 4 - Emergency","Emergency or Famine","Current",0,0.0000
"Gedo Southern Inland Pastoral","SOM","5","Phase 5 - Famine","Emergency or Famine","Current",0,0.0000
"Gedo Southern Inland Pastoral","SOM","ALL","All Phases - Total","Total","Current",402012,1.0000
"Gedo Urban (Baardheere, Belet Xaawo, Ceel Waaq, Garbahaarey and Luuq)","SOM","1","Phase 1 - Minimal","Minimal","Current",58590,0.4500
"Gedo Urban (Baardheere, Belet Xaawo, Ceel Waaq, Garbahaarey and Luuq)","SOM","2","Phase 2 - Stressed","Stressed","Current",58590,0.4500
"Gedo Urban (Baardheere, Belet Xaawo, Ceel Waaq, Garbahaarey and Luuq)","SOM","3","Phase 3 - Crisis","Crisis","Current",13020,0.1000
"Gedo Urban (Baardheere, Belet Xaawo, Ceel Waaq, Garbahaarey and Luuq)","SOM","3+","Phase 3+ - Crisis or Worse","Crisis or Worse","Current",13020,0.1000
"Gedo Urban (Baardheere, Belet Xaawo, Ceel Waaq, Garbahaarey and Luuq)","SOM","4","Phase 4 - Emergency","Emergency or Famine","Current",0,0.0000
"Gedo Urban (Baardheere, Belet Xaawo, Ceel Waaq, Garbahaarey and Luuq)","SOM","5","Phase 5 - Famine","Emergency or Famine","Current",0,0.0000
"Gedo Urban (Baardheere, Belet Xaawo, Ceel Waaq, Garbahaarey and Luuq)","SOM","ALL","All Phases - Total","Total","Current",130199,1.0000
"Gedo Urban (Doolow)","SOM","1","Phase 1 - Minimal","Minimal","Current",12038,0.4500
"Gedo Urban (Doolow)","SOM","2","Phase 2 - Stressed","Stressed","Current",12038,0.4500
"Gedo Urban (Doolow)","SOM","3","Phase 3 - Crisis","Crisis","Current",2675,0.1000
"Gedo Urban (Doolow)","SOM","3+","Phase 3+ - Crisis or Worse","Crisis or Worse","Current",2675,0.1000
"Gedo Urban (Doolow)","SOM","4","Phase 4 - Emergency","Emergency or Famine","Current",0,0.0000
"Gedo Urban (Doolow)","SOM","5","Phase 5 - Famine","Emergency or Famine","Current",0,0.0000
"Gedo Urban (Doolow)","SOM","ALL","All Phases - Total","Total","Current",26751,1.0000
"Gedo Urban IDPs (Baardheere, Belet Xaawo, Ceel Waaq, Garbahaarey and Luuq)","SOM","1","Phase 1 - Minimal","Minimal","Current",17004,0.1000
"Gedo Urban IDPs (Baardheere, Belet Xaawo, Ceel Waaq, Garbahaarey and Luuq)","SOM","2","Phase 2 - Stressed","Stressed","Current",68016,0.4000
"Gedo Urban IDPs (Baardheere, Belet Xaawo, Ceel Waaq, Garbahaarey and Luuq)","SOM","3","Phase 3 - Crisis","Crisis","Current",51012,0.3000
"Gedo Urban IDPs (Baardheere, Belet Xaawo, Ceel Waaq, Garbahaarey and Luuq)","SOM","3+","Phase 3+ - Crisis or Worse","Crisis or Worse","Current",85020,0.5000
"Gedo Urban IDPs (Baardheere, Belet Xaawo, Ceel Waaq, Garbahaarey and Luuq)","SOM","4","Phase 4 - Emergency","Emergency or Famine","Current",34008,0.2000
"Gedo Urban IDPs (Baardheere, Belet Xaawo, Ceel Waaq, Garbahaarey and Luuq)","SOM","5","Phase 5 - Famine","Emergency or Famine","Current",0,0.0000
"Gedo Urban IDPs (Baardheere, Belet Xaawo, Ceel Waaq, Garbahaarey and Luuq)","SOM","ALL","All Phases - Total","Total","Current",170039,1.0000
"Gedo Urban IDPs (Doolow)","SOM","1","Phase 1 - Minimal","Minimal","Current",26934,0.2000
"Gedo Urban IDPs (Doolow)","SOM","2","Phase 2 - Stressed","Stressed","Current",53869,0.4000
"Gedo Urban IDPs (Doolow)","SOM","3","Phase 3 - Crisis","Crisis","Current",33668,0.2500
"Gedo Urban IDPs (Doolow)","SOM","3+","Phase 3+ - Crisis or Worse","Crisis or Worse","Current",53869,0.4000
"Gedo Urban IDPs (Doolow)","SOM","4","Phase 4 - Emergency","Emergency or Famine","Current",20201,0.1500
"Gedo Urban IDPs (Doolow)","SOM","5","Phase 5 - Famine","Emergency or Famine","Current",0,0.0000
"Gedo Urban IDPs (Doolow)","SOM","ALL","All Phases - Total","Total","Current",134672,1.0000
"Hiraan Cowpea Belt (Bulo Burto)","SOM","1","Phase 1 - Minimal","Minimal","Current",753,0.3000
"Hiraan Cowpea Belt (Bulo Burto)","SOM","2","Phase 2 - Stressed","Stressed","Current",1004,0.4000
"Hiraan Cowpea Belt (Bulo Burto)","SOM","3","Phase 3 - Crisis","Crisis","Current",628,0.2500
"Hiraan Cowpea Belt (Bulo Burto)","SOM","3+","Phase 3+ - Crisis or Worse","Crisis or Worse","Current",753,0.3000
"Hiraan Cowpea Belt (Bulo Burto)","SOM","4","Phase 4 - Emergency","Emergency or Famine","Current",126,0.0500
"Hiraan Cowpea Belt (Bulo Burto)","SOM","5","Phase 5 - Famine","Emergency or Famine","Current",0,0.0000
"Hiraan Cowpea Belt (Bulo Burto)","SOM","ALL","All Phases - Total","Total","Current",2510,1.0000
"Hiraan Hawd Pastoral","SOM","1","Phase 1 - Minimal","Minimal","Current",21173,0.4500
"Hiraan Hawd Pastoral","SOM","2","Phase 2 - Stressed","Stressed","Current",18820,0.4000
"Hiraan Hawd Pastoral","SOM","3","Phase 3 - Crisis","Crisis","Current",4705,0.1000
"Hiraan Hawd Pastoral","SOM","3+","Phase 3+ - Crisis or Worse","Crisis or Worse","Current",7058,0.1500
"Hiraan Hawd Pastoral","SOM","4","Phase 4 - Emergency","Emergency or Famine","Current",2353,0.0500
"Hiraan Hawd Pastoral","SOM","5","Phase 5 - Famine","Emergency or Famine","Current",0,0.0000
"Hiraan Hawd Pastoral","SOM","ALL","All Phases - Total","Total","Current",47051,1.0000
"Hiraan Riverine Pump and Gravity Irrigation","SOM","1","Phase 1 - Minimal","Minimal","Current",13323,0.3000
"Hiraan Riverine Pump and Gravity Irrigation","SOM","2","Phase 2 - Stressed","Stressed","Current",17764,0.4000
"Hiraan Riverine Pump and Gravity Irrigation","SOM","3","Phase 3 - Crisis","Crisis","Current",11103,0.2500
"Hiraan Riverine Pump and Gravity Irrigation","SOM","3+","Phase 3+ - Crisis or Worse","Crisis or Worse","Current",13323,0.3000
"Hiraan Riverine Pump and Gravity Irrigation","SOM","4","Phase 4 - Emergency","Emergency or Famine","Current",2221,0.0500
"Hiraan Riverine Pump and Gravity Irrigation","SOM","5","Phase 5 - Famine","Emergency or Famine","Current",0,0.0000
"Hiraan Riverine Pump and Gravity Irrigation","SOM","ALL","All Phases - Total","Total","Current",44410,1.0000
"Hiraan Southern Agro-Pastoral","SOM","1","Phase 1 - Minimal","Minimal","Current",64027,0.3500
"Hiraan Southern Agro-Pastoral","SOM","2","Phase 2 - Stressed","Stressed","Current",45734,0.2500
"Hiraan Southern Agro-Pastoral","SOM","3","Phase 3 - Crisis","Crisis","Current",54880,0.3000
"Hiraan Southern Agro-Pastoral","SOM","3+","Phase 3+ - Crisis or Worse","Crisis or Worse","Current",73174,0.4000
"Hiraan Southern Agro-Pastoral","SOM","4","Phase 4 - Emergency","Emergency or Famine","Current",18293,0.1000
"Hiraan Southern Agro-Pastoral","SOM","5","Phase 5 - Famine","Emergency or Famine","Current",0,0.0000
"Hiraan Southern Agro-Pastoral","SOM","ALL","All Phases - Total","Total","Current",182934,1.0000
"Hiraan Southern Inland Pastoral","SOM","1","Phase 1 - Minimal","Minimal","Current",29198,0.4000
"Hiraan Southern Inland Pastoral","SOM","2","Phase 2 - Stressed","Stressed","Current",32848,0.4500
"Hiraan Southern Inland Pastoral","SOM","3","Phase 3 - Crisis","Crisis","Current",7300,0.1000
"Hiraan Southern Inland Pastoral","SOM","3+","Phase 3+ - Crisis or Worse","Crisis or Worse","Current",10949,0.1500
"Hiraan Southern Inland Pastoral","SOM","4","Phase 4 - Emergency","Emergency or Famine","Current",3650,0.0500
"Hiraan Southern Inland Pastoral","SOM","5","Phase 5 - Famine","Emergency or Famine","Current",0,0.0000
"Hiraan Southern Inland Pastoral","SOM","ALL","All Phases - Total","Total","Current",72996,1.0000
"Hiraan Urban (Belet Weyne)","SOM","1","Phase 1 - Minimal","Minimal","Current",15121,0.2500
"Hiraan Urban (Belet Weyne)","SOM","2","Phase 2 - Stressed","Stressed","Current",36291,0.6000
"Hiraan Urban (Belet Weyne)","SOM","3","Phase 3 - Crisis","Crisis","Current",6049,0.1000
"Hiraan Urban (Belet Weyne)","SOM","3+","Phase 3+ - Crisis or Worse","Crisis or Worse","Current",9073,0.1500
"Hiraan Urban (Belet Weyne)","SOM","4","Phase 4 - Emergency","Emergency or Famine","Current",3024,0.0500
"Hiraan Urban (Belet Weyne)","SOM","5","Phase 5 - Famine","Emergency or Famine","Current",0,0.0000
"Hiraan Urban (Belet Weyne)","SOM","ALL","All Phases - Total","Total","Current",60485,1.0000
"Hiraan Urban (Bulo Burto and Jalalaqsi)","SOM","1","Phase 1 - Minimal","Minimal","Current",7279,0.2500
"Hiraan Urban (Bulo Burto and Jalalaqsi)","SOM","2","Phase 2 - Stressed","Stressed","Current",17470,0.6000
"Hiraan Urban (Bulo Burto and Jalalaqsi)","SOM","3","Phase 3 - Crisis","Crisis","Current",2912,0.1000
"Hiraan Urban (Bulo Burto and Jalalaqsi)","SOM","3+","Phase 3+ - Crisis or Worse","Crisis or Worse","Current",4368,0.1500
"Hiraan Urban (Bulo Burto and Jalalaqsi)","SOM","4","Phase 4 - Emergency","Emergency or Famine","Current",1456,0.0500
"Hiraan Urban (Bulo Burto and Jalalaqsi)","SOM","5","Phase 5 - Famine","Emergency or Famine","Current",0,0.0000
"Hiraan Urban (Bulo Burto and Jalalaqsi)","SOM","ALL","All Phases - Total","Total","Current",29117,1.0000
"Hiraan Urban IDPs (Belet Weyne)","SOM","1","Phase 1 - Minimal","Minimal","Current",4000,0.0500
"Hiraan Urban IDPs (Belet Weyne)","SOM","2","Phase 2 - Stressed","Stressed","Current",28001,0.3500
"Hiraan Urban IDPs (Belet Weyne)","SOM","3","Phase 3 - Crisis","Crisis","Current",32001,0.4000
"Hiraan Urban IDPs (Belet Weyne)","SOM","3+","Phase 3+ - Crisis or Worse","Crisis or Worse","Current",48002,0.6000
"Hiraan Urban IDPs (Belet Weyne)","SOM","4","Phase 4 - Emergency","Emergency or Famine","Current",16001,0.2000
"Hiraan Urban IDPs (Belet Weyne)","SOM","5","Phase 5 - Famine","Emergency or Famine","Current",0,0.0000
"Hiraan Urban IDPs (Belet Weyne)","SOM","ALL","All Phases - Total","Total","Current",80003,1.0000
"Hiraan Urban IDPs (Bulo Burto and Jalalaqsi)","SOM","1","Phase 1 - Minimal","Minimal","Current",537,0.1000
"Hiraan Urban IDPs (Bulo Burto and Jalalaqsi)","SOM","2","Phase 2 - Stressed","Stressed","Current",2148,0.4000
"Hiraan Urban IDPs (Bulo Burto and Jalalaqsi)","SOM","3","Phase 3 - Crisis","Crisis","Current",1611,0.3000
"Hiraan Urban IDPs (Bulo Burto and Jalalaqsi)","SOM","3+","Phase 3+ - Crisis or Worse","Crisis or Worse","Current",2685,0.5000
"Hiraan Urban IDPs (Bulo Burto and Jalalaqsi)","SOM","4","Phase 4 - Emergency","Emergency or Famine","Current",1074,0.2000
"Hiraan Urban IDPs (Bulo Burto and Jalalaqsi)","SOM","5","Phase 5 - Famine","Emergency or Famine","Current",0,0.0000
"Hiraan Urban IDPs (Bulo Burto and Jalalaqsi)","SOM","ALL","All Phases - Total","Total","Current",5370,1.0000
"Juba Pastoral (M Juba and L Juba)","SOM","1","Phase 1 - Minimal","Minimal","Current",43721,0.3000
"Juba Pastoral (M Juba and L Juba)","SOM","2","Phase 2 - Stressed","Stressed","Current",51008,0.3500
"Juba Pastoral (M Juba and L Juba)","SOM","3","Phase 3 - Crisis","Crisis","Current",29147,0.2000
"Juba Pastoral (M Juba and L Juba)","SOM","3+","Phase 3+ - Crisis or Worse","Crisis or Worse","Current",51008,0.3500
"Juba Pastoral (M Juba and L Juba)","SOM","4","Phase 4 - Emergency","Emergency or Famine","Current",21860,0.1500
"Juba Pastoral (M Juba and L Juba)","SOM","5","Phase 5 - Famine","Emergency or Famine","Current",0,0.0000
"Juba Pastoral (M Juba and L Juba)","SOM","ALL","All Phases - Total","Total","Current",145736,1.0000
"Juba Riverine Gravity Irrigation (L Juba & M Juba)","SOM","1","Phase 1 - Minimal","Minimal","Current",52677,0.3000
"Juba Riverine Gravity Irrigation (L Juba & M Juba)","SOM","2","Phase 2 - Stressed","Stressed","Current",70236,0.4000
"Juba Riverine Gravity Irrigation (L Juba & M Juba)","SOM","3","Phase 3 - Crisis","Crisis","Current",43897,0.2500
"Juba Riverine Gravity Irrigation (L Juba & M Juba)","SOM","3+","Phase 3+ - Crisis or Worse","Crisis or Worse","Current",52677,0.3000
"Juba Riverine Gravity Irrigation (L Juba & M Juba)","SOM","4","Phase 4 - Emergency","Emergency or Famine","Current",8779,0.0500
"Juba Riverine Gravity Irrigation (L Juba & M Juba)","SOM","5","Phase 5 - Famine","Emergency or Famine","Current",0,0.0000
"Juba Riverine Gravity Irrigation (L Juba & M Juba)","SOM","ALL","All Phases - Total","Total","Current",175589,1.0000
"Juba Riverine Pump and Gravity Irrigation (M Juba)","SOM","1","Phase 1 - Minimal","Minimal","Current",14724,0.1500
"Juba Riverine Pump and Gravity Irrigation (M Juba)","SOM","2","Phase 2 - Stressed","Stressed","Current",44172,0.4500
"Juba Riverine Pump and Gravity Irrigation (M Juba)","SOM","3","Phase 3 - Crisis","Crisis","Current",24540,0.2500
"Juba Riverine Pump and Gravity Irrigation (M Juba)","SOM","3+","Phase 3+ - Crisis or Worse","Crisis or Worse","Current",39264,0.4000
"Juba Riverine Pump and Gravity Irrigation (M Juba)","SOM","4","Phase 4 - Emergency","Emergency or Famine","Current",14724,0.1500
"Juba Riverine Pump and Gravity Irrigation (M Juba)","SOM","5","Phase 5 - Famine","Emergency or Famine","Current",0,0.0000
"Juba Riverine Pump and Gravity Irrigation (M Juba)","SOM","ALL","All Phases - Total","Total","Current",98161,1.0000
"Juba Sorghum High Potential Agropastoral (M Juba)","SOM","1","Phase 1 - Minimal","Minimal","Current",9851,0.3000
"Juba Sorghum High Potential Agropastoral (M Juba)","SOM","2","Phase 2 - Stressed","Stressed","Current",14777,0.4500
"Juba Sorghum High Potential Agropastoral (M Juba)","SOM","3","Phase 3 - Crisis","Crisis","Current",4926,0.1500
"Juba Sorghum High Potential Agropastoral (M Juba)","SOM","3+","Phase 3+ - Crisis or Worse","Crisis or Worse","Current",8209,0.2500
"Juba Sorghum High Potential Agropastoral (M Juba)","SOM","4","Phase 4 - Emergency","Emergency or Famine","Current",3284,0.1000
"Juba Sorghum High Potential Agropastoral (M Juba)","SOM","5","Phase 5 - Famine","Emergency or Famine","Current",0,0.0000
"Juba Sorghum High Potential Agropastoral (M Juba)","SOM","ALL","All Phases - Total","Total","Current",32837,1.0000
"Juba Southern Agro-Pastoral (M Juba and L Juba)","SOM","1","Phase 1 - Minimal","Minimal","Current",29542,0.4500
"Juba Southern Agro-Pastoral (M Juba and L Juba)","SOM","2","Phase 2 - Stressed","Stressed","Current",26260,0.4000
"Juba Southern Agro-Pastoral (M Juba and L Juba)","SOM","3","Phase 3 - Crisis","Crisis","Current",9847,0.1500
"Juba Southern Agro-Pastoral (M Juba and L Juba)","SOM","3+","Phase 3+ - Crisis or Worse","Crisis or Worse","Current",9847,0.1500
"Juba Southern Agro-Pastoral (M Juba and L Juba)","SOM","4","Phase 4 - Emergency","Emergency or Famine","Current",0,0.0000
"Juba Southern Agro-Pastoral (M Juba and L Juba)","SOM","5","Phase 5 - Famine","Emergency or Famine","Current",0,0.0000
"Juba Southern Agro-Pastoral (M Juba and L Juba)","SOM","ALL","All Phases - Total","Total","Current",65649,1.0000
"Juba Southern Inland Pastoral (M Juba and L Juba)","SOM","1","Phase 1 - Minimal","Minimal","Current",97982,0.6000
"Juba Southern Inland Pastoral (M Juba and L Juba)","SOM","2","Phase 2 - Stressed","Stressed","Current",48991,0.3000
"Juba Southern Inland Pastoral (M Juba and L Juba)","SOM","3","Phase 3 - Crisis","Crisis","Current",16330,0.1000
"Juba Southern Inland Pastoral (M Juba and L Juba)","SOM","3+","Phase 3+ - Crisis or Worse","Crisis or Worse","Current",16330,0.1000
"Juba Southern Inland Pastoral (M Juba and L Juba)","SOM","4","Phase 4 - Emergency","Emergency or Famine","Current",0,0.0000
"Juba Southern Inland Pastoral (M Juba and L Juba)","SOM","5","Phase 5 - Famine","Emergency or Famine","Current",0,0.0000
"Juba Southern Inland Pastoral (M Juba and L Juba)","SOM","ALL","All Phases - Total","Total","Current",163303,1.0000
"Juba Southern Rainfed (M Juba and L Juba)","SOM","1","Phase 1 - Minimal","Minimal","Current",124529,0.5000
"Juba Southern Rainfed (M Juba and L Juba)","SOM","2","Phase 2 - Stressed","Stressed","Current",62265,0.2500
"Juba Southern Rainfed (M Juba and L Juba)","SOM","3","Phase 3 - Crisis","Crisis","Current",49812,0.2000
"Juba Southern Rainfed (M Juba and L Juba)","SOM","3+","Phase 3+ - Crisis or Worse","Crisis or Worse","Current",62265,0.2500
"Juba Southern Rainfed (M Juba and L Juba)","SOM","4","Phase 4 - Emergency","Emergency or Famine","Current",12453,0.0500
"Juba Southern Rainfed (M Juba and L Juba)","SOM","5","Phase 5 - Famine","Emergency or Famine","Current",0,0.0000
"Juba Southern Rainfed (M Juba and L Juba)","SOM","ALL","All Phases - Total","Total","Current",249058,1.0000
"Lower Juba Urban (Afmadow, Badhaadhe and Jamaame)","SOM","1","Phase 1 - Minimal","Minimal","Current",101543,0.4500
"Lower Juba Urban (Afmadow, Badhaadhe and Jamaame)","SOM","2","Phase 2 - Stressed","Stressed","Current",112825,0.5000
"Lower Juba Urban (Afmadow, Badhaadhe and Jamaame)","SOM","3","Phase 3 - Crisis","Crisis","Current",11283,0.0500
"Lower Juba Urban (Afmadow, Badhaadhe and Jamaame)","SOM","3+","Phase 3+ - Crisis or Worse","Crisis or Worse","Current",11283,0.0500
"Lower Juba Urban (Afmadow, Badhaadhe and Jamaame)","SOM","4","Phase 4 - Emergency","Emergency or Famine","Current",0,0.0000
"Lower Juba Urban (Afmadow, Badhaadhe and Jamaame)","SOM","5","Phase 5 - Famine","Emergency or Famine","Current",0,0.0000
"Lower Juba Urban (Afmadow, Badhaadhe and Jamaame)","SOM","ALL","All Phases - Total","Total","Current",225650,1.0000
"Lower Juba Urban (Kismaayo)","SOM","1","Phase 1 - Minimal","Minimal","Current",9821,0.4500
"Lower Juba Urban (Kismaayo)","SOM","2","Phase 2 - Stressed","Stressed","Current",10913,0.5000
"Lower Juba Urban (Kismaayo)","SOM","3","Phase 3 - Crisis","Crisis","Current",1091,0.0500
"Lower Juba Urban (Kismaayo)","SOM","3+","Phase 3+ - Crisis or Worse","Crisis or Worse","Current",1091,0.0500
"Lower Juba Urban (Kismaayo)","SOM","4","Phase 4 - Emergency","Emergency or Famine","Current",0,0.0000
"Lower Juba Urban (Kismaayo)","SOM","5","Phase 5 - Famine","Emergency or Famine","Current",0,0.0000
"Lower Juba Urban (Kismaayo)","SOM","ALL","All Phases - Total","Total","Current",21825,1.0000
"Lower Juba Urban IDPs (Afmadow and Jamaame)","SOM","1","Phase 1 - Minimal","Minimal","Current",32409,0.5000
"Lower Juba Urban IDPs (Afmadow and Jamaame)","SOM","2","Phase 2 - Stressed","Stressed","Current",16205,0.2500
"Lower Juba Urban IDPs (Afmadow and Jamaame)","SOM","3","Phase 3 - Crisis","Crisis","Current",16205,0.2500
"Lower Juba Urban IDPs (Afmadow and Jamaame)","SOM","3+","Phase 3+ - Crisis or Worse","Crisis or Worse","Current",16205,0.2500
"Lower Juba Urban IDPs (Afmadow and Jamaame)","SOM","4","Phase 4 - Emergency","Emergency or Famine","Current",0,0.0000
"Lower Juba Urban IDPs (Afmadow and Jamaame)","SOM","5","Phase 5 - Famine","Emergency or Famine","Current",0,0.0000
"Lower Juba Urban IDPs (Afmadow and Jamaame)","SOM","ALL","All Phases - Total","Total","Current",64818,1.0000
"Lower Juba Urban IDPs (Kismaayo)","SOM","1","Phase 1 - Minimal","Minimal","Current",39459,0.2000
"Lower Juba Urban IDPs (Kismaayo)","SOM","2","Phase 2 - Stressed","Stressed","Current",78917,0.4000
"Lower Juba Urban IDPs (Kismaayo)","SOM","3","Phase 3 - Crisis","Crisis","Current",49323,0.2500
"Lower Juba Urban IDPs (Kismaayo)","SOM","3+","Phase 3+ - Crisis or Worse","Crisis or Worse","Current",78917,0.4000
"Lower Juba Urban IDPs (Kismaayo)","SOM","4","Phase 4 - Emergency","Emergency or Famine","Current",29594,0.1500
"Lower Juba Urban IDPs (Kismaayo)","SOM","5","Phase 5 - Famine","Emergency or Famine","Current",0,0.0000
"Lower Juba Urban IDPs (Kismaayo)","SOM","ALL","All Phases - Total","Total","Current",197293,1.0000
"Lower Shabelle Urban (Afgooye, Baraawe, Kurtunwaarey, Marka, Qoryooley, Sablaale and Wanla Weyn)","SOM","1","Phase 1 - Minimal","Minimal","Current",220544,0.4500
"Lower Shabelle Urban (Afgooye, Baraawe, Kurtunwaarey, Marka, Qoryooley, Sablaale and Wanla Weyn)","SOM","2","Phase 2 - Stressed","Stressed","Current",245049,0.5000
"Lower Shabelle Urban (Afgooye, Baraawe, Kurtunwaarey, Marka, Qoryooley, Sablaale and Wanla Weyn)","SOM","3","Phase 3 - Crisis","Crisis","Current",24505,0.0500
"Lower Shabelle Urban (Afgooye, Baraawe, Kurtunwaarey, Marka, Qoryooley, Sablaale and Wanla Weyn)","SOM","3+","Phase 3+ - Crisis or Worse","Crisis or Worse","Current",24505,0.0500
"Lower Shabelle Urban (Afgooye, Baraawe, Kurtunwaarey, Marka, Qoryooley, Sablaale and Wanla Weyn)","SOM","4","Phase 4 - Emergency","Emergency or Famine","Current",0,0.0000
"Lower Shabelle Urban (Afgooye, Baraawe, Kurtunwaarey, Marka, Qoryooley, Sablaale and Wanla Weyn)","SOM","5","Phase 5 - Famine","Emergency or Famine","Current",0,0.0000
"Lower Shabelle Urban (Afgooye, Baraawe, Kurtunwaarey, Marka, Qoryooley, Sablaale and Wanla Weyn)","SOM","ALL","All Phases - Total","Total","Current",490097,1.0000
"Lower Shabelle Urban IDPs (Afgooye, Baraawe, Marka and Wanla Weyn)","SOM","1","Phase 1 - Minimal","Minimal","Current",9599,0.1000
"Lower Shabelle Urban IDPs (Afgooye, Baraawe, Marka and Wanla Weyn)","SOM","2","Phase 2 - Stressed","Stressed","Current",43197,0.4500
"Lower Shabelle Urban IDPs (Afgooye, Baraawe, Marka and Wanla Weyn)","SOM","3","Phase 3 - Crisis","Crisis","Current",23999,0.2500
"Lower Shabelle Urban IDPs (Afgooye, Baraawe, Marka and Wanla Weyn)","SOM","3+","Phase 3+ - Crisis or Worse","Crisis or Worse","Current",43197,0.4500
"Lower Shabelle Urban IDPs (Afgooye, Baraawe, Marka and Wanla Weyn)","SOM","4","Phase 4 - Emergency","Emergency or Famine","Current",19199,0.2000
"Lower Shabelle Urban IDPs (Afgooye, Baraawe, Marka and Wanla Weyn)","SOM","5","Phase 5 - Famine","Emergency or Famine","Current",0,0.0000
"Lower Shabelle Urban IDPs (Afgooye, Baraawe, Marka and Wanla Weyn)","SOM","ALL","All Phases - Total","Total","Current",95994,1.0000
"Middle Juba Urban (Bu'aale, Jilib and Saakow)","SOM","1","Phase 1 - Minimal","Minimal","Current",95205,0.4500
"Middle Juba Urban (Bu'aale, Jilib and Saakow)","SOM","2","Phase 2 - Stressed","Stressed","Current",105784,0.5000
"Middle Juba Urban (Bu'aale, Jilib and Saakow)","SOM","3","Phase 3 - Crisis","Crisis","Current",10578,0.0500
"Middle Juba Urban (Bu'aale, Jilib and Saakow)","SOM","3+","Phase 3+ - Crisis or Worse","Crisis or Worse","Current",10578,0.0500
"Middle Juba Urban (Bu'aale, Jilib and Saakow)","SOM","4","Phase 4 - Emergency","Emergency or Famine","Current",0,0.0000
"Middle Juba Urban (Bu'aale, Jilib and Saakow)","SOM","5","Phase 5 - Famine","Emergency or Famine","Current",0,0.0000
"Middle Juba Urban (Bu'aale, Jilib and Saakow)","SOM","ALL","All Phases - Total","Total","Current",211567,1.0000
"Middle Shabelle Urban (Adan Yabaal, Balcad, Cadale and Jowhar)","SOM","1","Phase 1 - Minimal","Minimal","Current",114215,0.4500
"Middle Shabelle Urban (Adan Yabaal, Balcad, Cadale and Jowhar)","SOM","2","Phase 2 - Stressed","Stressed","Current",126906,0.5000
"Middle Shabelle Urban (Adan Yabaal, Balcad, Cadale and Jowhar)","SOM","3","Phase 3 - Crisis","Crisis","Current",12691,0.0500
"Middle Shabelle Urban (Adan Yabaal, Balcad, Cadale and Jowhar)","SOM","3+","Phase 3+ - Crisis or Worse","Crisis or Worse","Current",12691,0.0500
"Middle Shabelle Urban (Adan Yabaal, Balcad, Cadale and Jowhar)","SOM","4","Phase 4 - Emergency","Emergency or Famine","Current",0,0.0000
"Middle Shabelle Urban (Adan Yabaal, Balcad, Cadale and Jowhar)","SOM","5","Phase 5 - Famine","Emergency or Famine","Current",0,0.0000
"Middle Shabelle Urban (Adan Yabaal, Balcad, Cadale and Jowhar)","SOM","ALL","All Phases - Total","Total","Current",253812,1.0000
"Middle Shabelle Urban IDPs (Adan Yabaal, Balcad, Cadale and Jowhar)","SOM","1","Phase 1 - Minimal","Minimal","Current",12205,0.1500
"Middle Shabelle Urban IDPs (Adan Yabaal, Balcad, Cadale and Jowhar)","SOM","2","Phase 2 - Stressed","Stressed","Current",28479,0.3500
"Middle Shabelle Urban IDPs (Adan Yabaal, Balcad, Cadale and Jowhar)","SOM","3","Phase 3 - Crisis","Crisis","Current",24410,0.3000
"Middle Shabelle Urban IDPs (Adan Yabaal, Balcad, Cadale and Jowhar)","SOM","3+","Phase 3+ - Crisis or Worse","Crisis or Worse","Current",40684,0.5000
"Middle Shabelle Urban IDPs (Adan Yabaal, Balcad, Cadale and Jowhar)","SOM","4","Phase 4 - Emergency","Emergency or Famine","Current",16274,0.2000
"Middle Shabelle Urban IDPs (Adan Yabaal, Balcad, Cadale and Jowhar)","SOM","5","Phase 5 - Famine","Emergency or Famine","Current",0,0.0000
"Middle Shabelle Urban IDPs (Adan Yabaal, Balcad, Cadale and Jowhar)","SOM","ALL","All Phases - Total","Total","Current",81368,1.0000
"Mudug Urban (Gaalkacyo)","SOM","1","Phase 1 - Minimal","Minimal","Current",30059,0.5000
"Mudug Urban (Gaalkacyo)","SOM","2","Phase 2 - Stressed","Stressed","Current",27053,0.4500
"Mudug Urban (Gaalkacyo)","SOM","3","Phase 3 - Crisis","Crisis","Current",3006,0.0500
"Mudug Urban (Gaalkacyo)","SOM","3+","Phase 3+ - Crisis or Worse","Crisis or Worse","Current",3006,0.0500
"Mudug Urban (Gaalkacyo)","SOM","4","Phase 4 - Emergency","Emergency or Famine","Current",0,0.0000
"Mudug Urban (Gaalkacyo)","SOM","5","Phase 5 - Famine","Emergency or Famine","Current",0,0.0000
"Mudug Urban (Gaalkacyo)","SOM","ALL","All Phases - Total","Total","Current",60118,1.0000
"Mudug Urban (Galdogob, Hobyo, Jariiban and Xarardheere)","SOM","1","Phase 1 - Minimal","Minimal","Current",35109,0.4000
"Mudug Urban (Galdogob, Hobyo, Jariiban and Xarardheere)","SOM","2","Phase 2 - Stressed","Stressed","Current",48275,0.5500
"Mudug Urban (Galdogob, Hobyo, Jariiban and Xarardheere)","SOM","3","Phase 3 - Crisis","Crisis","Current",4389,0.0500
"Mudug Urban (Galdogob, Hobyo, Jariiban and Xarardheere)","SOM","3+","Phase 3+ - Crisis or Worse","Crisis or Worse","Current",4389,0.0500
"Mudug Urban (Galdogob, Hobyo, Jariiban and Xarardheere)","SOM","4","Phase 4 - Emergency","Emergency or Famine","Current",0,0.0000
"Mudug Urban (Galdogob, Hobyo, Jariiban and Xarardheere)","SOM","5","Phase 5 - Famine","Emergency or Famine","Current",0,0.0000
"Mudug Urban (Galdogob, Hobyo, Jariiban and Xarardheere)","SOM","ALL","All Phases - Total","Total","Current",87772,1.0000
"Mudug Urban IDPs (Gaalkacyo)","SOM","1","Phase 1 - Minimal","Minimal","Current",12160,0.1000
"Mudug Urban IDPs (Gaalkacyo)","SOM","2","Phase 2 - Stressed","Stressed","Current",42559,0.3500
"Mudug Urban IDPs (Gaalkacyo)","SOM","3","Phase 3 - Crisis","Crisis","Current",42559,0.3500
"Mudug Urban IDPs (Gaalkacyo)","SOM","3+","Phase 3+ - Crisis or Worse","Crisis or Worse","Current",66878,0.5500
"Mudug Urban IDPs (Gaalkacyo)","SOM","4","Phase 4 - Emergency","Emergency or Famine","Current",24319,0.2000
"Mudug Urban IDPs (Gaalkacyo)","SOM","5","Phase 5 - Famine","Emergency or Famine","Current",0,0.0000
"Mudug Urban IDPs (Gaalkacyo)","SOM","ALL","All Phases - Total","Total","Current",121596,1.0000
"Mudug Urban IDPs (Galdogob, Hobyo, and Jariiban)","SOM","1","Phase 1 - Minimal","Minimal","Current",490,0.0500
"Mudug Urban IDPs (Galdogob, Hobyo, and Jariiban)","SOM","2","Phase 2 - Stressed","Stressed","Current",4897,0.5000
"Mudug Urban IDPs (Galdogob, Hobyo, and Jariiban)","SOM","3","Phase 3 - Crisis","Crisis","Current",2449,0.2500
"Mudug Urban IDPs (Galdogob, Hobyo, and Jariiban)","SOM","3+","Phase 3+ - Crisis or Worse","Crisis or Worse","Current",4407,0.4500
"Mudug Urban IDPs (Galdogob, Hobyo, and Jariiban)","SOM","4","Phase 4 - Emergency","Emergency or Famine","Current",1959,0.2000
"Mudug Urban IDPs (Galdogob, Hobyo, and Jariiban)","SOM","5","Phase 5 - Famine","Emergency or Famine","Current",0,0.0000
"Mudug Urban IDPs (Galdogob, Hobyo, and Jariiban)","SOM","ALL","All Phases - Total","Total","Current",9794,1.0000
"NE Addun pastoral (Mudug, Nugaal)","SOM","1","Phase 1 - Minimal","Minimal","Current",59460,0.2000
"NE Addun pastoral (Mudug, Nugaal)","SOM","2","Phase 2 - Stressed","Stressed","Current",89190,0.3000
"NE Addun pastoral (Mudug, Nugaal)","SOM","3","Phase 3 - Crisis","Crisis","Current",89190,0.3000
"NE Addun pastoral (Mudug, Nugaal)","SOM","3+","Phase 3+ - Crisis or Worse","Crisis or Worse","Current",148650,0.5000
"NE Addun pastoral (Mudug, Nugaal)","SOM","4","Phase 4 - Emergency","Emergency or Famine","Current",59460,0.2000
"NE Addun pastoral (Mudug, Nugaal)","SOM","5","Phase 5 - Famine","Emergency or Famine","Current",0,0.0000
"NE Addun pastoral (Mudug, Nugaal)","SOM","ALL","All Phases - Total","Total","Current",297299,1.0000
"NE Coastal Deeh Pastoral (Bari, Mudug and Nugal)","SOM","1","Phase 1 - Minimal","Minimal","Current",4235,0.0500
"NE Coastal Deeh Pastoral (Bari, Mudug and Nugal)","SOM","2","Phase 2 - Stressed","Stressed","Current",25407,0.3000
"NE Coastal Deeh Pastoral (Bari, Mudug and Nugal)","SOM","3","Phase 3 - Crisis","Crisis","Current",33876,0.4000
"NE Coastal Deeh Pastoral (Bari, Mudug and Nugal)","SOM","3+","Phase 3+ - Crisis or Worse","Crisis or Worse","Current",55049,0.6500
"NE Coastal Deeh Pastoral (Bari, Mudug and Nugal)","SOM","4","Phase 4 - Emergency","Emergency or Famine","Current",21173,0.2500
"NE Coastal Deeh Pastoral (Bari, Mudug and Nugal)","SOM","5","Phase 5 - Famine","Emergency or Famine","Current",0,0.0000
"NE Coastal Deeh Pastoral (Bari, Mudug and Nugal)","SOM","ALL","All Phases - Total","Total","Current",84690,1.0000
"NE East Golis Pastoral (Bari)","SOM","1","Phase 1 - Minimal","Minimal","Current",68242,0.1000
"NE East Golis Pastoral (Bari)","SOM","2","Phase 2 - Stressed","Stressed","Current",307087,0.4500
"NE East Golis Pastoral (Bari)","SOM","3","Phase 3 - Crisis","Crisis","Current",238846,0.3500
"NE East Golis Pastoral (Bari)","SOM","3+","Phase 3+ - Crisis or Worse","Crisis or Worse","Current",307087,0.4500
"NE East Golis Pastoral (Bari)","SOM","4","Phase 4 - Emergency","Emergency or Famine","Current",68242,0.1000
"NE East Golis Pastoral (Bari)","SOM","5","Phase 5 - Famine","Emergency or Famine","Current",0,0.0000
"NE East Golis Pastoral (Bari)","SOM","ALL","All Phases - Total","Total","Current",682416,1.0000
"NE Hawd Pastoral (North Mudug and Nugaal)","SOM","1","Phase 1 - Minimal","Minimal","Current",122807,0.2000
"NE Hawd Pastoral (North Mudug and Nugaal)","SOM","2","Phase 2 - Stressed","Stressed","Current",214912,0.3500
"NE Hawd Pastoral (North Mudug and Nugaal)","SOM","3","Phase 3 - Crisis","Crisis","Current",184210,0.3000
"NE Hawd Pastoral (North Mudug and Nugaal)","SOM","3+","Phase 3+ - Crisis or Worse","Crisis or Worse","Current",276315,0.4500
"NE Hawd Pastoral (North Mudug and Nugaal)","SOM","4","Phase 4 - Emergency","Emergency or Famine","Current",92105,0.1500
"NE Hawd Pastoral (North Mudug and Nugaal)","SOM","5","Phase 5 - Famine","Emergency or Famine","Current",0,0.0000
"NE Hawd Pastoral (North Mudug and Nugaal)","SOM","ALL","All Phases - Total","Total","Current",614033,1.0000
"NE Northern Inland Pastoral (Bari and Nugaal)","SOM","1","Phase 1 - Minimal","Minimal","Current",27545,0.0500
"NE Northern Inland Pastoral (Bari and Nugaal)","SOM","2","Phase 2 - Stressed","Stressed","Current",220357,0.4000
"NE Northern Inland Pastoral (Bari and Nugaal)","SOM","3","Phase 3 - Crisis","Crisis","Current",165268,0.3000
"NE Northern Inland Pastoral (Bari and Nugaal)","SOM","3+","Phase 3+ - Crisis or Worse","Crisis or Worse","Current",302991,0.5500
"NE Northern Inland Pastoral (Bari and Nugaal)","SOM","4","Phase 4 - Emergency","Emergency or Famine","Current",137723,0.2500
"NE Northern Inland Pastoral (Bari and Nugaal)","SOM","5","Phase 5 - Famine","Emergency or Famine","Current",0,0.0000
"NE Northern Inland Pastoral (Bari and Nugaal)","SOM","ALL","All Phases - Total","Total","Current",550892,1.0000
"Nugaal Urban (Burtinle and Eyl)","SOM","1","Phase 1 - Minimal","Minimal","Current",12003,0.4500
"Nugaal Urban (Burtinle and Eyl)","SOM","2","Phase 2 - Stressed","Stressed","Current",13337,0.5000
"Nugaal Urban (Burtinle and Eyl)","SOM","3","Phase 3 - Crisis","Crisis","Current",1334,0.0500
"Nugaal Urban (Burtinle and Eyl)","SOM","3+","Phase 3+ - Crisis or Worse","Crisis or Worse","Current",1334,0.0500
"Nugaal Urban (Burtinle and Eyl)","SOM","4","Phase 4 - Emergency","Emergency or Famine","Current",0,0.0000
"Nugaal Urban (Burtinle and Eyl)","SOM","5","Phase 5 - Famine","Emergency or Famine","Current",0,0.0000
"Nugaal Urban (Burtinle and Eyl)","SOM","ALL","All Phases - Total","Total","Current",26673,1.0000
"Nugaal Urban (Garoowe)","SOM","1","Phase 1 - Minimal","Minimal","Current",5363,0.4500
"Nugaal Urban (Garoowe)","SOM","2","Phase 2 - Stressed","Stressed","Current",5959,0.5000
"Nugaal Urban (Garoowe)","SOM","3","Phase 3 - Crisis","Crisis","Current",596,0.0500
"Nugaal Urban (Garoowe)","SOM","3+","Phase 3+ - Crisis or Worse","Crisis or Worse","Current",596,0.0500
"Nugaal Urban (Garoowe)","SOM","4","Phase 4 - Emergency","Emergency or Famine","Current",0,0.0000
"Nugaal Urban (Garoowe)","SOM","5","Phase 5 - Famine","Emergency or Famine","Current",0,0.0000
"Nugaal Urban (Garoowe)","SOM","ALL","All Phases - Total","Total","Current",11918,1.0000
"Nugaal Urban IDPs (Burtinle and Eyl)","SOM","1","Phase 1 - Minimal","Minimal","Current",0,0.0000
"Nugaal Urban IDPs (Burtinle and Eyl)","SOM","2","Phase 2 - Stressed","Stressed","Current",2770,0.4500
"Nugaal Urban IDPs (Burtinle and Eyl)","SOM","3","Phase 3 - Crisis","Crisis","Current",2155,0.3500
"Nugaal Urban IDPs (Burtinle and Eyl)","SOM","3+","Phase 3+ - Crisis or Worse","Crisis or Worse","Current",3386,0.5500
"Nugaal Urban IDPs (Burtinle and Eyl)","SOM","4","Phase 4 - Emergency","Emergency or Famine","Current",1231,0.2000
"Nugaal Urban IDPs (Burtinle and Eyl)","SOM","5","Phase 5 - Famine","Emergency or Famine","Current",0,0.0000
"Nugaal Urban IDPs (Burtinle and Eyl)","SOM","ALL","All Phases - Total","Total","Current",6156,1.0000
"Nugaal Urban IDPs (Garoowe)","SOM","1","Phase 1 - Minimal","Minimal","Current",2596,0.0500
"Nugaal Urban IDPs (Garoowe)","SOM","2","Phase 2 - Stressed","Stressed","Current",23366,0.4500
"Nugaal Urban IDPs (Garoowe)","SOM","3","Phase 3 - Crisis","Crisis","Current",15578,0.3000
"Nugaal Urban IDPs (Garoowe)","SOM","3+","Phase 3+ - Crisis or Worse","Crisis or Worse","Current",25963,0.5000
"Nugaal Urban IDPs (Garoowe)","SOM","4","Phase 4 - Emergency","Emergency or Famine","Current",10385,0.2000
"Nugaal Urban IDPs (Garoowe)","SOM","5","Phase 5 - Famine","Emergency or Famine","Current",0,0.0000
"Nugaal Urban IDPs (Garoowe)","SOM","ALL","All Phases - Total","Total","Current",51925,1.0000
"NW East Golis Pastoral (Sanaag)","SOM","1","Phase 1 - Minimal","Minimal","Current",25930,0.2000
"NW East Golis Pastoral (Sanaag)","SOM","2","Phase 2 - Stressed","Stressed","Current",38894,0.3000
"NW East Golis Pastoral (Sanaag)","SOM","3","Phase 3 - Crisis","Crisis","Current",45377,0.3500
"NW East Golis Pastoral (Sanaag)","SOM","3+","Phase 3+ - Crisis or Worse","Crisis or Worse","Current",64824,0.5000
"NW East Golis Pastoral (Sanaag)","SOM","4","Phase 4 - Emergency","Emergency or Famine","Current",19447,0.1500
"NW East Golis Pastoral (Sanaag)","SOM","5","Phase 5 - Famine","Emergency or Famine","Current",0,0.0000
"NW East Golis Pastoral (Sanaag)","SOM","ALL","All Phases - Total","Total","Current",129648,1.0000
"NW Guban Pastoral (Awdal, Sanaag and W. Galbeed)","SOM","1","Phase 1 - Minimal","Minimal","Current",30497,0.1500
"NW Guban Pastoral (Awdal, Sanaag and W. Galbeed)","SOM","2","Phase 2 - Stressed","Stressed","Current",60993,0.3000
"NW Guban Pastoral (Awdal, Sanaag and W. Galbeed)","SOM","3","Phase 3 - Crisis","Crisis","Current",81324,0.4000
"NW Guban Pastoral (Awdal, Sanaag and W. Galbeed)","SOM","3+","Phase 3+ - Crisis or Worse","Crisis or Worse","Current",111821,0.5500
"NW Guban Pastoral (Awdal, Sanaag and W. Galbeed)","SOM","4","Phase 4 - Emergency","Emergency or Famine","Current",30497,0.1500
"NW Guban Pastoral (Awdal, Sanaag and W. Galbeed)","SOM","5","Phase 5 - Famine","Emergency or Famine","Current",0,0.0000
"NW Guban Pastoral (Awdal, Sanaag and W. Galbeed)","SOM","ALL","All Phases - Total","Total","Current",203310,1.0000
"NW Hawd Pastoral of NW (W. Galbeed, Toghdeer and Sool)","SOM","1","Phase 1 - Minimal","Minimal","Current",250440,0.2500
"NW Hawd Pastoral of NW (W. Galbeed, Toghdeer and Sool)","SOM","2","Phase 2 - Stressed","Stressed","Current",500880,0.5000
"NW Hawd Pastoral of NW (W. Galbeed, Toghdeer and Sool)","SOM","3","Phase 3 - Crisis","Crisis","Current",200352,0.2000
"NW Hawd Pastoral of NW (W. Galbeed, Toghdeer and Sool)","SOM","3+","Phase 3+ - Crisis or Worse","Crisis or Worse","Current",250440,0.2500
"NW Hawd Pastoral of NW (W. Galbeed, Toghdeer and Sool)","SOM","4","Phase 4 - Emergency","Emergency or Famine","Current",50088,0.0500
"NW Hawd Pastoral of NW (W. Galbeed, Toghdeer and Sool)","SOM","5","Phase 5 - Famine","Emergency or Famine","Current",0,0.0000
"NW Hawd Pastoral of NW (W. Galbeed, Toghdeer and Sool)","SOM","ALL","All Phases - Total","Total","Current",1001759,1.0000
"NW Northern Inland Pastoral (Sanaag and Sool)","SOM","1","Phase 1 - Minimal","Minimal","Current",55200,0.1000
"NW Northern Inland Pastoral (Sanaag and Sool)","SOM","2","Phase 2 - Stressed","Stressed","Current",138001,0.2500
"NW Northern Inland Pastoral (Sanaag and Sool)","SOM","3","Phase 3 - Crisis","Crisis","Current",193201,0.3500
"NW Northern Inland Pastoral (Sanaag and Sool)","SOM","3+","Phase 3+ - Crisis or Worse","Crisis or Worse","Current",358803,0.6500
"NW Northern Inland Pastoral (Sanaag and Sool)","SOM","4","Phase 4 - Emergency","Emergency or Famine","Current",165601,0.3000
"NW Northern Inland Pastoral (Sanaag and Sool)","SOM","5","Phase 5 - Famine","Emergency or Famine","Current",0,0.0000
"NW Northern Inland Pastoral (Sanaag and Sool)","SOM","ALL","All Phases - Total","Total","Current",552004,1.0000
"NW Northwest Agro-pastoral (Awdal, W. Galbeed & Togdheer)","SOM","1","Phase 1 - Minimal","Minimal","Current",208996,0.4000
"NW Northwest Agro-pastoral (Awdal, W. Galbeed & Togdheer)","SOM","2","Phase 2 - Stressed","Stressed","Current",208996,0.4000
"NW Northwest Agro-pastoral (Awdal, W. Galbeed & Togdheer)","SOM","3","Phase 3 - Crisis","Crisis","Current",78374,0.1500
"NW Northwest Agro-pastoral (Awdal, W. Galbeed & Togdheer)","SOM","3+","Phase 3+ - Crisis or Worse","Crisis or Worse","Current",104498,0.2000
"NW Northwest Agro-pastoral (Awdal, W. Galbeed & Togdheer)","SOM","4","Phase 4 - Emergency","Emergency or Famine","Current",26125,0.0500
"NW Northwest Agro-pastoral (Awdal, W. Galbeed & Togdheer)","SOM","5","Phase 5 - Famine","Emergency or Famine","Current",0,0.0000
"NW Northwest Agro-pastoral (Awdal, W. Galbeed & Togdheer)","SOM","ALL","All Phases - Total","Total","Current",522490,1.0000
"NW Toghdeer Agro-pastoral (Toghdeer)","SOM","1","Phase 1 - Minimal","Minimal","Current",18804,0.3500
"NW Toghdeer Agro-pastoral (Toghdeer)","SOM","2","Phase 2 - Stressed","Stressed","Current",24177,0.4500
"NW Toghdeer Agro-pastoral (Toghdeer)","SOM","3","Phase 3 - Crisis","Crisis","Current",8059,0.1500
"NW Toghdeer Agro-pastoral (Toghdeer)","SOM","3+","Phase 3+ - Crisis or Worse","Crisis or Worse","Current",10745,0.2000
"NW Toghdeer Agro-pastoral (Toghdeer)","SOM","4","Phase 4 - Emergency","Emergency or Famine","Current",2686,0.0500
"NW Toghdeer Agro-pastoral (Toghdeer)","SOM","5","Phase 5 - Famine","Emergency or Famine","Current",0,0.0000
"NW Toghdeer Agro-pastoral (Toghdeer)","SOM","ALL","All Phases - Total","Total","Current",53726,1.0000
"NW West Golis Pastoral (Awdal, W. Galbeed, Toghdeer, Sool and Sanaag)","SOM","1","Phase 1 - Minimal","Minimal","Current",186384,0.2500
"NW West Golis Pastoral (Awdal, W. Galbeed, Toghdeer, Sool and Sanaag)","SOM","2","Phase 2 - Stressed","Stressed","Current",447321,0.6000
"NW West Golis Pastoral (Awdal, W. Galbeed, Toghdeer, Sool and Sanaag)","SOM","3","Phase 3 - Crisis","Crisis","Current",111830,0.1500
"NW West Golis Pastoral (Awdal, W. Galbeed, Toghdeer, Sool and Sanaag)","SOM","3+","Phase 3+ - Crisis or Worse","Crisis or Worse","Current",111830,0.1500
"NW West Golis Pastoral (Awdal, W. Galbeed, Toghdeer, Sool and Sanaag)","SOM","4","Phase 4 - Emergency","Emergency or Famine","Current",0,0.0000
"NW West Golis Pastoral (Awdal, W. Galbeed, Toghdeer, Sool and Sanaag)","SOM","5","Phase 5 - Famine","Emergency or Famine","Current",0,0.0000
"NW West Golis Pastoral (Awdal, W. Galbeed, Toghdeer, Sool and Sanaag)","SOM","ALL","All Phases - Total","Total","Current",745535,1.0000
"Sanaag Urban (Ceel Afweyn and Laasqoray)","SOM","1","Phase 1 - Minimal","Minimal","Current",8996,0.3000
"Sanaag Urban (Ceel Afweyn and Laasqoray)","SOM","2","Phase 2 - Stressed","Stressed","Current",17991,0.6000
"Sanaag Urban (Ceel Afweyn and Laasqoray)","SOM","3","Phase 3 - Crisis","Crisis","Current",2999,0.1000
"Sanaag Urban (Ceel Afweyn and Laasqoray)","SOM","3+","Phase 3+ - Crisis or Worse","Crisis or Worse","Current",2999,0.1000
"Sanaag Urban (Ceel Afweyn and Laasqoray)","SOM","4","Phase 4 - Emergency","Emergency or Famine","Current",0,0.0000
"Sanaag Urban (Ceel Afweyn and Laasqoray)","SOM","5","Phase 5 - Famine","Emergency or Famine","Current",0,0.0000
"Sanaag Urban (Ceel Afweyn and Laasqoray)","SOM","ALL","All Phases - Total","Total","Current",29985,1.0000
"Sanaag Urban (Ceerigaabo)","SOM","1","Phase 1 - Minimal","Minimal","Current",10864,0.3500
"Sanaag Urban (Ceerigaabo)","SOM","2","Phase 2 - Stressed","Stressed","Current",17073,0.5500
"Sanaag Urban (Ceerigaabo)","SOM","3","Phase 3 - Crisis","Crisis","Current",3104,0.1000
"Sanaag Urban (Ceerigaabo)","SOM","3+","Phase 3+ - Crisis or Worse","Crisis or Worse","Current",3104,0.1000
"Sanaag Urban (Ceerigaabo)","SOM","4","Phase 4 - Emergency","Emergency or Famine","Current",0,0.0000
"Sanaag Urban (Ceerigaabo)","SOM","5","Phase 5 - Famine","Emergency or Famine","Current",0,0.0000
"Sanaag Urban (Ceerigaabo)","SOM","ALL","All Phases - Total","Total","Current",31041,1.0000
"Sanaag Urban IDPs (Ceel Afweyn and Laasqoray)","SOM","1","Phase 1 - Minimal","Minimal","Current",3518,0.2500
"Sanaag Urban IDPs (Ceel Afweyn and Laasqoray)","SOM","2","Phase 2 - Stressed","Stressed","Current",7739,0.5500
"Sanaag Urban IDPs (Ceel Afweyn and Laasqoray)","SOM","3","Phase 3 - Crisis","Crisis","Current",2111,0.1500
"Sanaag Urban IDPs (Ceel Afweyn and Laasqoray)","SOM","3+","Phase 3+ - Crisis or Worse","Crisis or Worse","Current",2814,0.2000
"Sanaag Urban IDPs (Ceel Afweyn and Laasqoray)","SOM","4","Phase 4 - Emergency","Emergency or Famine","Current",704,0.0500
"Sanaag Urban IDPs (Ceel Afweyn and Laasqoray)","SOM","5","Phase 5 - Famine","Emergency or Famine","Current",0,0.0000
"Sanaag Urban IDPs (Ceel Afweyn and Laasqoray)","SOM","ALL","All Phases - Total","Total","Current",14070,1.0000
"Sanaag Urban IDPs (Ceerigaabo)","SOM","1","Phase 1 - Minimal","Minimal","Current",2628,0.2500
"Sanaag Urban IDPs (Ceerigaabo)","SOM","2","Phase 2 - Stressed","Stressed","Current",4730,0.4500
"Sanaag Urban IDPs (Ceerigaabo)","SOM","3","Phase 3 - Crisis","Crisis","Current",2102,0.2000
"Sanaag Urban IDPs (Ceerigaabo)","SOM","3+","Phase 3+ - Crisis or Worse","Crisis or Worse","Current",3153,0.3000
"Sanaag Urban IDPs (Ceerigaabo)","SOM","4","Phase 4 - Emergency","Emergency or Famine","Current",1051,0.1000
"Sanaag Urban IDPs (Ceerigaabo)","SOM","5","Phase 5 - Famine","Emergency or Famine","Current",0,0.0000
"Sanaag Urban IDPs (Ceerigaabo)","SOM","ALL","All Phases - Total","Total","Current",10510,1.0000
"Shabelle Coastal Deeh Pastoral and Fishing (L. Shabelle & M. Shabelle)","SOM","1","Phase 1 - Minimal","Minimal","Current",48291,0.3000
"Shabelle Coastal Deeh Pastoral and Fishing (L. Shabelle & M. Shabelle)","SOM","2","Phase 2 - Stressed","Stressed","Current",48291,0.3000
"Shabelle Coastal Deeh Pastoral and Fishing (L. Shabelle & M. Shabelle)","SOM","3","Phase 3 - Crisis","Crisis","Current",48291,0.3000
"Shabelle Coastal Deeh Pastoral and Fishing (L. Shabelle & M. Shabelle)","SOM","3+","Phase 3+ - Crisis or Worse","Crisis or Worse","Current",64388,0.4000
"Shabelle Coastal Deeh Pastoral and Fishing (L. Shabelle & M. Shabelle)","SOM","4","Phase 4 - Emergency","Emergency or Famine","Current",16097,0.1000
"Shabelle Coastal Deeh Pastoral and Fishing (L. Shabelle & M. Shabelle)","SOM","5","Phase 5 - Famine","Emergency or Famine","Current",0,0.0000
"Shabelle Coastal Deeh Pastoral and Fishing (L. Shabelle & M. Shabelle)","SOM","ALL","All Phases - Total","Total","Current",160971,1.0000
"Shabelle Cowpea Belt (M Shabelle)","SOM","1","Phase 1 - Minimal","Minimal","Current",58983,0.4500
"Shabelle Cowpea Belt (M Shabelle)","SOM","2","Phase 2 - Stressed","Stressed","Current",52429,0.4000
"Shabelle Cowpea Belt (M Shabelle)","SOM","3","Phase 3 - Crisis","Crisis","Current",13107,0.1000
"Shabelle Cowpea Belt (M Shabelle)","SOM","3+","Phase 3+ - Crisis or Worse","Crisis or Worse","Current",19661,0.1500
"Shabelle Cowpea Belt (M Shabelle)","SOM","4","Phase 4 - Emergency","Emergency or Famine","Current",6554,0.0500
"Shabelle Cowpea Belt (M Shabelle)","SOM","5","Phase 5 - Famine","Emergency or Famine","Current",0,0.0000
"Shabelle Cowpea Belt (M Shabelle)","SOM","ALL","All Phases - Total","Total","Current",131073,1.0000
"Shabelle Peri-urban Agropastoral (Banadir)","SOM","1","Phase 1 - Minimal","Minimal","Current",312015,0.7000
"Shabelle Peri-urban Agropastoral (Banadir)","SOM","2","Phase 2 - Stressed","Stressed","Current",111434,0.2500
"Shabelle Peri-urban Agropastoral (Banadir)","SOM","3","Phase 3 - Crisis","Crisis","Current",22287,0.0500
"Shabelle Peri-urban Agropastoral (Banadir)","SOM","3+","Phase 3+ - Crisis or Worse","Crisis or Worse","Current",22287,0.0500
"Shabelle Peri-urban Agropastoral (Banadir)","SOM","4","Phase 4 - Emergency","Emergency or Famine","Current",0,0.0000
"Shabelle Peri-urban Agropastoral (Banadir)","SOM","5","Phase 5 - Famine","Emergency or Famine","Current",0,0.0000
"Shabelle Peri-urban Agropastoral (Banadir)","SOM","ALL","All Phases - Total","Total","Current",445736,1.0000
"Shabelle Riverine Gravity Irrigation (L Shabelle & M Shabelle)","SOM","1","Phase 1 - Minimal","Minimal","Current",129997,0.2500
"Shabelle Riverine Gravity Irrigation (L Shabelle & M Shabelle)","SOM","2","Phase 2 - Stressed","Stressed","Current",207995,0.4000
"Shabelle Riverine Gravity Irrigation (L Shabelle & M Shabelle)","SOM","3","Phase 3 - Crisis","Crisis","Current",155996,0.3000
"Shabelle Riverine Gravity Irrigation (L Shabelle & M Shabelle)","SOM","3+","Phase 3+ - Crisis or Worse","Crisis or Worse","Current",181996,0.3500
"Shabelle Riverine Gravity Irrigation (L Shabelle & M Shabelle)","SOM","4","Phase 4 - Emergency","Emergency or Famine","Current",25999,0.0500
"Shabelle Riverine Gravity Irrigation (L Shabelle & M Shabelle)","SOM","5","Phase 5 - Famine","Emergency or Famine","Current",0,0.0000
"Shabelle Riverine Gravity Irrigation (L Shabelle & M Shabelle)","SOM","ALL","All Phases - Total","Total","Current",519988,1.0000
"Shabelle Sorghum High Potential Agropastoral (M Shabelle and L Shabelle)","SOM","1","Phase 1 - Minimal","Minimal","Current",203792,0.2500
"Shabelle Sorghum High Potential Agropastoral (M Shabelle and L Shabelle)","SOM","2","Phase 2 - Stressed","Stressed","Current",285309,0.3500
"Shabelle Sorghum High Potential Agropastoral (M Shabelle and L Shabelle)","SOM","3","Phase 3 - Crisis","Crisis","Current",244551,0.3000
"Shabelle Sorghum High Potential Agropastoral (M Shabelle and L Shabelle)","SOM","3+","Phase 3+ - Crisis or Worse","Crisis or Worse","Current",326068,0.4000
"Shabelle Sorghum High Potential Agropastoral (M Shabelle and L Shabelle)","SOM","4","Phase 4 - Emergency","Emergency or Famine","Current",81517,0.1000
"Shabelle Sorghum High Potential Agropastoral (M Shabelle and L Shabelle)","SOM","5","Phase 5 - Famine","Emergency or Famine","Current",0,0.0000
"Shabelle Sorghum High Potential Agropastoral (M Shabelle and L Shabelle)","SOM","ALL","All Phases - Total","Total","Current",815169,1.0000
"Shabelle Southern Inland Pastoral (M Shabelle and L Shabelle)","SOM","1","Phase 1 - Minimal","Minimal","Current",58059,0.6000
"Shabelle Southern Inland Pastoral (M Shabelle and L Shabelle)","SOM","2","Phase 2 - Stressed","Stressed","Current",29030,0.3000
"Shabelle Southern Inland Pastoral (M Shabelle and L Shabelle)","SOM","3","Phase 3 - Crisis","Crisis","Current",9677,0.1000
"Shabelle Southern Inland Pastoral (M Shabelle and L Shabelle)","SOM","3+","Phase 3+ - Crisis or Worse","Crisis or Worse","Current",9677,0.1000
"Shabelle Southern Inland Pastoral (M Shabelle and L Shabelle)","SOM","4","Phase 4 - Emergency","Emergency or Famine","Current",0,0.0000
"Shabelle Southern Inland Pastoral (M Shabelle and L Shabelle)","SOM","5","Phase 5 - Famine","Emergency or Famine","Current",0,0.0000
"Shabelle Southern Inland Pastoral (M Shabelle and L Shabelle)","SOM","ALL","All Phases - Total","Total","Current",96765,1.0000
"Shabelle Southern Rainfed (L Shabelle)","SOM","1","Phase 1 - Minimal","Minimal","Current",32387,0.5000
"Shabelle Southern Rainfed (L Shabelle)","SOM","2","Phase 2 - Stressed","Stressed","Current",22671,0.3500
"Shabelle Southern Rainfed (L Shabelle)","SOM","3","Phase 3 - Crisis","Crisis","Current",9716,0.1500
"Shabelle Southern Rainfed (L Shabelle)","SOM","3+","Phase 3+ - Crisis or Worse","Crisis or Worse","Current",9716,0.1500
"Shabelle Southern Rainfed (L Shabelle)","SOM","4","Phase 4 - Emergency","Emergency or Famine","Current",0,0.0000
"Shabelle Southern Rainfed (L Shabelle)","SOM","5","Phase 5 - Famine","Emergency or Famine","Current",0,0.0000
"Shabelle Southern Rainfed (L Shabelle)","SOM","ALL","All Phases - Total","Total","Current",64773,1.0000
"Sool Urban (Caynabo, Taleex and Xudun)","SOM","1","Phase 1 - Minimal","Minimal","Current",10923,0.3000
"Sool Urban (Caynabo, Taleex and Xudun)","SOM","2","Phase 2 - Stressed","Stressed","Current",21847,0.6000
"Sool Urban (Caynabo, Taleex and Xudun)","SOM","3","Phase 3 - Crisis","Crisis","Current",3641,0.1000
"Sool Urban (Caynabo, Taleex and Xudun)","SOM","3+","Phase 3+ - Crisis or Worse","Crisis or Worse","Current",3641,0.1000
"Sool Urban (Caynabo, Taleex and Xudun)","SOM","4","Phase 4 - Emergency","Emergency or Famine","Current",0,0.0000
"Sool Urban (Caynabo, Taleex and Xudun)","SOM","5","Phase 5 - Famine","Emergency or Famine","Current",0,0.0000
"Sool Urban (Caynabo, Taleex and Xudun)","SOM","ALL","All Phases - Total","Total","Current",36411,1.0000
"Sool Urban (Laas Caanood)","SOM","1","Phase 1 - Minimal","Minimal","Current",20668,0.5500
"Sool Urban (Laas Caanood)","SOM","2","Phase 2 - Stressed","Stressed","Current",15031,0.4000
"Sool Urban (Laas Caanood)","SOM","3","Phase 3 - Crisis","Crisis","Current",1879,0.0500
"Sool Urban (Laas Caanood)","SOM","3+","Phase 3+ - Crisis or Worse","Crisis or Worse","Current",1879,0.0500
"Sool Urban (Laas Caanood)","SOM","4","Phase 4 - Emergency","Emergency or Famine","Current",0,0.0000
"Sool Urban (Laas Caanood)","SOM","5","Phase 5 - Famine","Emergency or Famine","Current",0,0.0000
"Sool Urban (Laas Caanood)","SOM","ALL","All Phases - Total","Total","Current",37578,1.0000
"Sool Urban IDPs (Caynabo, Taleex and Xudun)","SOM","1","Phase 1 - Minimal","Minimal","Current",5848,0.2000
"Sool Urban IDPs (Caynabo, Taleex and Xudun)","SOM","2","Phase 2 - Stressed","Stressed","Current",16082,0.5500
"Sool Urban IDPs (Caynabo, Taleex and Xudun)","SOM","3","Phase 3 - Crisis","Crisis","Current",7310,0.2500
"Sool Urban IDPs (Caynabo, Taleex and Xudun)","SOM","3+","Phase 3+ - Crisis or Worse","Crisis or Worse","Current",7310,0.2500
"Sool Urban IDPs (Caynabo, Taleex and Xudun)","SOM","4","Phase 4 - Emergency","Emergency or Famine","Current",0,0.0000
"Sool Urban IDPs (Caynabo, Taleex and Xudun)","SOM","5","Phase 5 - Famine","Emergency or Famine","Current",0,0.0000
"Sool Urban IDPs (Caynabo, Taleex and Xudun)","SOM","ALL","All Phases - Total","Total","Current",29240,1.0000
"Sool Urban IDPs (Laas Caanood)","SOM","1","Phase 1 - Minimal","Minimal","Current",1080,0.1500
"Sool Urban IDPs (Laas Caanood)","SOM","2","Phase 2 - Stressed","Stressed","Current",4318,0.6000
"Sool Urban IDPs (Laas Caanood)","SOM","3","Phase 3 - Crisis","Crisis","Current",1439,0.2000
"Sool Urban IDPs (Laas Caanood)","SOM","3+","Phase 3+ - Crisis or Worse","Crisis or Worse","Current",1799,0.2500
"Sool Urban IDPs (Laas Caanood)","SOM","4","Phase 4 - Emergency","Emergency or Famine","Current",360,0.0500
"Sool Urban IDPs (Laas Caanood)","SOM","5","Phase 5 - Famine","Emergency or Famine","Current",0,0.0000
"Sool Urban IDPs (Laas Caanood)","SOM","ALL","All Phases - Total","Total","Current",7197,1.0000
"Togdheer Urban (Burco)","SOM","1","Phase 1 - Minimal","Minimal","Current",19192,0.5500
"Togdheer Urban (Burco)","SOM","2","Phase 2 - Stressed","Stressed","Current",13958,0.4000
"Togdheer Urban (Burco)","SOM","3","Phase 3 - Crisis","Crisis","Current",1745,0.0500
"Togdheer Urban (Burco)","SOM","3+","Phase 3+ - Crisis or Worse","Crisis or Worse","Current",1745,0.0500
"Togdheer Urban (Burco)","SOM","4","Phase 4 - Emergency","Emergency or Famine","Current",0,0.0000
"Togdheer Urban (Burco)","SOM","5","Phase 5 - Famine","Emergency or Famine","Current",0,0.0000
"Togdheer Urban (Burco)","SOM","ALL","All Phases - Total","Total","Current",34895,1.0000
"Togdheer Urban (Buuhoodle, Owdweyne and Sheikh)","SOM","1","Phase 1 - Minimal","Minimal","Current",14119,0.5500
"Togdheer Urban (Buuhoodle, Owdweyne and Sheikh)","SOM","2","Phase 2 - Stressed","Stressed","Current",10268,0.4000
"Togdheer Urban (Buuhoodle, Owdweyne and Sheikh)","SOM","3","Phase 3 - Crisis","Crisis","Current",1284,0.0500
"Togdheer Urban (Buuhoodle, Owdweyne and Sheikh)","SOM","3+","Phase 3+ - Crisis or Worse","Crisis or Worse","Current",1284,0.0500
"Togdheer Urban (Buuhoodle, Owdweyne and Sheikh)","SOM","4","Phase 4 - Emergency","Emergency or Famine","Current",0,0.0000
"Togdheer Urban (Buuhoodle, Owdweyne and Sheikh)","SOM","5","Phase 5 - Famine","Emergency or Famine","Current",0,0.0000
"Togdheer Urban (Buuhoodle, Owdweyne and Sheikh)","SOM","ALL","All Phases - Total","Total","Current",25671,1.0000
"Togdheer Urban IDPs (Burco)","SOM","1","Phase 1 - Minimal","Minimal","Current",19657,0.2000
"Togdheer Urban IDPs (Burco)","SOM","2","Phase 2 - Stressed","Stressed","Current",49144,0.5000
"Togdheer Urban IDPs (Burco)","SOM","3","Phase 3 - Crisis","Crisis","Current",19657,0.2000
"Togdheer Urban IDPs (Burco)","SOM","3+","Phase 3+ - Crisis or Worse","Crisis or Worse","Current",29486,0.3000
"Togdheer Urban IDPs (Burco)","SOM","4","Phase 4 - Emergency","Emergency or Famine","Current",9829,0.1000
"Togdheer Urban IDPs (Burco)","SOM","5","Phase 5 - Famine","Emergency or Famine","Current",0,0.0000
"Togdheer Urban IDPs (Burco)","SOM","ALL","All Phases - Total","Total","Current",98287,1.0000
"Togdheer Urban IDPs (Buuhoodle and Owdweyne)","SOM","1","Phase 1 - Minimal","Minimal","Current",3459,0.2000
"Togdheer Urban IDPs (Buuhoodle and Owdweyne)","SOM","2","Phase 2 - Stressed","Stressed","Current",8648,0.5000
"Togdheer Urban IDPs (Buuhoodle and Owdweyne)","SOM","3","Phase 3 - Crisis","Crisis","Current",3459,0.2000
"Togdheer Urban IDPs (Buuhoodle and Owdweyne)","SOM","3+","Phase 3+ - Crisis or Worse","Crisis or Worse","Current",5189,0.3000
"Togdheer Urban IDPs (Buuhoodle and Owdweyne)","SOM","4","Phase 4 - Emergency","Emergency or Famine","Current",1730,0.1000
"Togdheer Urban IDPs (Buuhoodle and Owdweyne)","SOM","5","Phase 5 - Famine","Emergency or Famine","Current",0,0.0000
"Togdheer Urban IDPs (Buuhoodle and Owdweyne)","SOM","ALL","All Phases - Total","Total","Current",17295,1.0000
"Woqooyi Galbeed Urban (Berbera and Gebiley)","SOM","1","Phase 1 - Minimal","Minimal","Current",23549,0.4000
"Woqooyi Galbeed Urban (Berbera and Gebiley)","SOM","2","Phase 2 - Stressed","Stressed","Current",32380,0.5500
"Woqooyi Galbeed Urban (Berbera and Gebiley)","SOM","3","Phase 3 - Crisis","Crisis","Current",2944,0.0500
"Woqooyi Galbeed Urban (Berbera and Gebiley)","SOM","3+","Phase 3+ - Crisis or Worse","Crisis or Worse","Current",2944,0.0500
"Woqooyi Galbeed Urban (Berbera and Gebiley)","SOM","4","Phase 4 - Emergency","Emergency or Famine","Current",0,0.0000
"Woqooyi Galbeed Urban (Berbera and Gebiley)","SOM","5","Phase 5 - Famine","Emergency or Famine","Current",0,0.0000
"Woqooyi Galbeed Urban (Berbera and Gebiley)","SOM","ALL","All Phases - Total","Total","Current",58872,1.0000
"Woqooyi Galbeed Urban (Hargeysa)","SOM","1","Phase 1 - Minimal","Minimal","Current",52895,0.4000
"Woqooyi Galbeed Urban (Hargeysa)","SOM","2","Phase 2 - Stressed","Stressed","Current",72730,0.5500
"Woqooyi Galbeed Urban (Hargeysa)","SOM","3","Phase 3 - Crisis","Crisis","Current",6612,0.0500
"Woqooyi Galbeed Urban (Hargeysa)","SOM","3+","Phase 3+ - Crisis or Worse","Crisis or Worse","Current",6612,0.0500
"Woqooyi Galbeed Urban (Hargeysa)","SOM","4","Phase 4 - Emergency","Emergency or Famine","Current",0,0.0000
"Woqooyi Galbeed Urban (Hargeysa)","SOM","5","Phase 5 - Famine","Emergency or Famine","Current",0,0.0000
"Woqooyi Galbeed Urban (Hargeysa)","SOM","ALL","All Phases - Total","Total","Current",132237,1.0000
"Woqooyi Galbeed Urban IDPs (Berbera and Gebiley)","SOM","1","Phase 1 - Minimal","Minimal","Current",998,0.2500
"Woqooyi Galbeed Urban IDPs (Berbera and Gebiley)","SOM","2","Phase 2 - Stressed","Stressed","Current",1995,0.5000
"Woqooyi Galbeed Urban IDPs (Berbera and Gebiley)","SOM","3","Phase 3 - Crisis","Crisis","Current",599,0.1500
"Woqooyi Galbeed Urban IDPs (Berbera and Gebiley)","SOM","3+","Phase 3+ - Crisis or Worse","Crisis or Worse","Current",998,0.2500
"Woqooyi Galbeed Urban IDPs (Berbera and Gebiley)","SOM","4","Phase 4 - Emergency","Emergency or Famine","Current",399,0.1000
"Woqooyi Galbeed Urban IDPs (Berbera and Gebiley)","SOM","5","Phase 5 - Famine","Emergency or Famine","Current",0,0.0000
"Woqooyi Galbeed Urban IDPs (Berbera and Gebiley)","SOM","ALL","All Phases - Total","Total","Current",3990,1.0000
"Woqooyi Galbeed Urban IDPs (Hargeysa)","SOM","1","Phase 1 - Minimal","Minimal","Current",24495,0.2000
"Woqooyi Galbeed Urban IDPs (Hargeysa)","SOM","2","Phase 2 - Stressed","Stressed","Current",61237,0.5000
"Woqooyi Galbeed Urban IDPs (Hargeysa)","SOM","3","Phase 3 - Crisis","Crisis","Current",24495,0.2000
"Woqooyi Galbeed Urban IDPs (Hargeysa)","SOM","3+","Phase 3+ - Crisis or Worse","Crisis or Worse","Current",36742,0.3000
"Woqooyi Galbeed Urban IDPs (Hargeysa)","SOM","4","Phase 4 - Emergency","Emergency or Famine","Current",12247,0.1000
"Woqooyi Galbeed Urban IDPs (Hargeysa)","SOM","5","Phase 5 - Famine","Emergency or Famine","Current",0,0.0000
"Woqooyi Galbeed Urban IDPs (Hargeysa)","SOM","ALL","All Phases - Total","Total","Current",122473,1.0000
